{"items":[{"file_id":15,"datafile_name":"/u01/app/oracle/product/12.2/db_1/dbs/u01apporacleoradataorcl12orclaebd_tables_0","tablespace_name":"AEBD_TABLES","total_mb":100,"used_mb":1,"free_mb":98,"percentage_used":1,"timestamp":"2017-12-30T07:14:53.582Z","links":[{"rel":"self","href":"http://localhost:8080/ords/mic/datafiles/15"}]},{"file_id":13,"datafile_name":"/u01/app/oracle/oradata/orcl12c/orcl/APEX_1941389856444596.dbf","tablespace_name":"TP_TABLES","total_mb":8,"used_mb":6,"free_mb":1,"percentage_used":75,"timestamp":"2017-12-30T07:14:53.589Z","links":[{"rel":"self","href":"http://localhost:8080/ords/mic/datafiles/13"}]},{"file_id":18,"datafile_name":"/u01/app/oracle/product/12.2/db_1/dbs/u01apporacleoradataorcl12orclassignment_ta","tablespace_name":"ASSIGNMENT_TABLES","total_mb":200,"used_mb":2,"free_mb":187,"percentage_used":1,"timestamp":"2017-12-30T07:14:53.596Z","links":[{"rel":"self","href":"http://localhost:8080/ords/mic/datafiles/18"}]},{"file_id":10,"datafile_name":"/u01/app/oracle/oradata/orcl12c/orcl/sysaux01.dbf","tablespace_name":"SYSAUX","total_mb":1180,"used_mb":1121,"free_mb":58,"percentage_used":95,"timestamp":"2017-12-30T07:14:53.6Z","links":[{"rel":"self","href":"http://localhost:8080/ords/mic/datafiles/10"}]},{"file_id":9,"datafile_name":"/u01/app/oracle/oradata/orcl12c/orcl/system01.dbf","tablespace_name":"SYSTEM","total_mb":350,"used_mb":348,"free_mb":1,"percentage_used":99,"timestamp":"2017-12-30T07:14:53.604Z","links":[{"rel":"self","href":"http://localhost:8080/ords/mic/datafiles/9"}]},{"file_id":19,"datafile_name":"/u01/app/oracle/product/12.2/db_1/dbs/u01apporacleoradataorcl12orcltp_tables_1.d","tablespace_name":"TP_TABLES","total_mb":200,"used_mb":0,"free_mb":199,"percentage_used":0,"timestamp":"2017-12-30T07:14:53.608Z","links":[{"rel":"self","href":"http://localhost:8080/ords/mic/datafiles/19"}]},{"file_id":11,"datafile_name":"/u01/app/oracle/oradata/orcl12c/orcl/undotbs01.dbf","tablespace_name":"UNDOTBS1","total_mb":380,"used_mb":25,"free_mb":130,"percentage_used":6,"timestamp":"2017-12-30T07:14:53.612Z","links":[{"rel":"self","href":"http://localhost:8080/ords/mic/datafiles/11"}]},{"file_id":12,"datafile_name":"/u01/app/oracle/oradata/orcl12c/orcl/users01.dbf","tablespace_name":"USERS","total_mb":76,"used_mb":72,"free_mb":3,"percentage_used":94,"timestamp":"2017-12-30T07:14:53.616Z","links":[{"rel":"self","href":"http://localhost:8080/ords/mic/datafiles/12"}]}],"hasMore":false,"limit":25,"offset":0,"count":8,"links":[{"rel":"self","href":"http://localhost:8080/ords/mic/datafiles/"},{"rel":"edit","href":"http://localhost:8080/ords/mic/datafiles/"},{"rel":"describedby","href":"http://localhost:8080/ords/mic/metadata-catalog/datafiles/"},{"rel":"first","href":"http://localhost:8080/ords/mic/datafiles/"}]}