{"items":[{"file_id":15,"datafile_name":"/u01/app/oracle/product/12.2/db_1/dbs/u01apporacleoradataorcl12orclaebd_tables_0","tablespace_name":"AEBD_TABLES","total_mb":100,"free_mb":98,"used_mb":1,"percentage_used":1,"timestamp":"2017-12-30T07:08:09.575Z","links":[{"rel":"self","href":"http://localhost:8080/ords/mic/datafileshistory/15,2017-12-30T07%3A08%3A09.575Z"}]},{"file_id":13,"datafile_name":"/u01/app/oracle/oradata/orcl12c/orcl/APEX_1941389856444596.dbf","tablespace_name":"TP_TABLES","total_mb":8,"free_mb":1,"used_mb":6,"percentage_used":75,"timestamp":"2017-12-30T07:08:09.632Z","links":[{"rel":"self","href":"http://localhost:8080/ords/mic/datafileshistory/13,2017-12-30T07%3A08%3A09.632Z"}]},{"file_id":18,"datafile_name":"/u01/app/oracle/product/12.2/db_1/dbs/u01apporacleoradataorcl12orclassignment_ta","tablespace_name":"ASSIGNMENT_TABLES","total_mb":200,"free_mb":190,"used_mb":0,"percentage_used":0,"timestamp":"2017-12-30T07:08:09.642Z","links":[{"rel":"self","href":"http://localhost:8080/ords/mic/datafileshistory/18,2017-12-30T07%3A08%3A09.642Z"}]},{"file_id":10,"datafile_name":"/u01/app/oracle/oradata/orcl12c/orcl/sysaux01.dbf","tablespace_name":"SYSAUX","total_mb":1180,"free_mb":58,"used_mb":1121,"percentage_used":95,"timestamp":"2017-12-30T07:08:09.649Z","links":[{"rel":"self","href":"http://localhost:8080/ords/mic/datafileshistory/10,2017-12-30T07%3A08%3A09.649Z"}]},{"file_id":9,"datafile_name":"/u01/app/oracle/oradata/orcl12c/orcl/system01.dbf","tablespace_name":"SYSTEM","total_mb":350,"free_mb":1,"used_mb":348,"percentage_used":99,"timestamp":"2017-12-30T07:08:09.655Z","links":[{"rel":"self","href":"http://localhost:8080/ords/mic/datafileshistory/9,2017-12-30T07%3A08%3A09.655Z"}]},{"file_id":19,"datafile_name":"/u01/app/oracle/product/12.2/db_1/dbs/u01apporacleoradataorcl12orcltp_tables_1.d","tablespace_name":"TP_TABLES","total_mb":200,"free_mb":199,"used_mb":0,"percentage_used":0,"timestamp":"2017-12-30T07:08:09.664Z","links":[{"rel":"self","href":"http://localhost:8080/ords/mic/datafileshistory/19,2017-12-30T07%3A08%3A09.664Z"}]},{"file_id":11,"datafile_name":"/u01/app/oracle/oradata/orcl12c/orcl/undotbs01.dbf","tablespace_name":"UNDOTBS1","total_mb":380,"free_mb":130,"used_mb":26,"percentage_used":7,"timestamp":"2017-12-30T07:08:09.671Z","links":[{"rel":"self","href":"http://localhost:8080/ords/mic/datafileshistory/11,2017-12-30T07%3A08%3A09.671Z"}]},{"file_id":12,"datafile_name":"/u01/app/oracle/oradata/orcl12c/orcl/users01.dbf","tablespace_name":"USERS","total_mb":76,"free_mb":3,"used_mb":72,"percentage_used":94,"timestamp":"2017-12-30T07:08:09.678Z","links":[{"rel":"self","href":"http://localhost:8080/ords/mic/datafileshistory/12,2017-12-30T07%3A08%3A09.678Z"}]},{"file_id":15,"datafile_name":"/u01/app/oracle/product/12.2/db_1/dbs/u01apporacleoradataorcl12orclaebd_tables_0","tablespace_name":"AEBD_TABLES","total_mb":100,"free_mb":98,"used_mb":1,"percentage_used":1,"timestamp":"2017-12-30T07:14:17.509Z","links":[{"rel":"self","href":"http://localhost:8080/ords/mic/datafileshistory/15,2017-12-30T07%3A14%3A17.509Z"}]},{"file_id":13,"datafile_name":"/u01/app/oracle/oradata/orcl12c/orcl/APEX_1941389856444596.dbf","tablespace_name":"TP_TABLES","total_mb":8,"free_mb":1,"used_mb":6,"percentage_used":75,"timestamp":"2017-12-30T07:14:17.516Z","links":[{"rel":"self","href":"http://localhost:8080/ords/mic/datafileshistory/13,2017-12-30T07%3A14%3A17.516Z"}]},{"file_id":18,"datafile_name":"/u01/app/oracle/product/12.2/db_1/dbs/u01apporacleoradataorcl12orclassignment_ta","tablespace_name":"ASSIGNMENT_TABLES","total_mb":200,"free_mb":188,"used_mb":2,"percentage_used":1,"timestamp":"2017-12-30T07:14:17.523Z","links":[{"rel":"self","href":"http://localhost:8080/ords/mic/datafileshistory/18,2017-12-30T07%3A14%3A17.523Z"}]},{"file_id":10,"datafile_name":"/u01/app/oracle/oradata/orcl12c/orcl/sysaux01.dbf","tablespace_name":"SYSAUX","total_mb":1180,"free_mb":58,"used_mb":1121,"percentage_used":95,"timestamp":"2017-12-30T07:14:17.529Z","links":[{"rel":"self","href":"http://localhost:8080/ords/mic/datafileshistory/10,2017-12-30T07%3A14%3A17.529Z"}]},{"file_id":9,"datafile_name":"/u01/app/oracle/oradata/orcl12c/orcl/system01.dbf","tablespace_name":"SYSTEM","total_mb":350,"free_mb":1,"used_mb":348,"percentage_used":99,"timestamp":"2017-12-30T07:14:17.532Z","links":[{"rel":"self","href":"http://localhost:8080/ords/mic/datafileshistory/9,2017-12-30T07%3A14%3A17.532Z"}]},{"file_id":19,"datafile_name":"/u01/app/oracle/product/12.2/db_1/dbs/u01apporacleoradataorcl12orcltp_tables_1.d","tablespace_name":"TP_TABLES","total_mb":200,"free_mb":199,"used_mb":0,"percentage_used":0,"timestamp":"2017-12-30T07:14:17.537Z","links":[{"rel":"self","href":"http://localhost:8080/ords/mic/datafileshistory/19,2017-12-30T07%3A14%3A17.537Z"}]},{"file_id":11,"datafile_name":"/u01/app/oracle/oradata/orcl12c/orcl/undotbs01.dbf","tablespace_name":"UNDOTBS1","total_mb":380,"free_mb":130,"used_mb":26,"percentage_used":7,"timestamp":"2017-12-30T07:14:17.541Z","links":[{"rel":"self","href":"http://localhost:8080/ords/mic/datafileshistory/11,2017-12-30T07%3A14%3A17.541Z"}]},{"file_id":12,"datafile_name":"/u01/app/oracle/oradata/orcl12c/orcl/users01.dbf","tablespace_name":"USERS","total_mb":76,"free_mb":3,"used_mb":72,"percentage_used":94,"timestamp":"2017-12-30T07:14:17.545Z","links":[{"rel":"self","href":"http://localhost:8080/ords/mic/datafileshistory/12,2017-12-30T07%3A14%3A17.545Z"}]}],"hasMore":false,"limit":25,"offset":0,"count":16,"links":[{"rel":"self","href":"http://localhost:8080/ords/mic/datafileshistory/"},{"rel":"edit","href":"http://localhost:8080/ords/mic/datafileshistory/"},{"rel":"describedby","href":"http://localhost:8080/ords/mic/metadata-catalog/datafileshistory/"},{"rel":"first","href":"http://localhost:8080/ords/mic/datafileshistory/"}]}