{"items":[{"metric_name":"Physical Reads Per Sec","begin_time":"2017-12-30T01:13:12Z","end_time":"2017-12-30T01:14:12Z","value":107.882019663389,"timestamp":"2017-12-30T07:14:47.506Z","links":[{"rel":"self","href":"http://localhost:8080/ords/mic/io_reads/2017-12-30T07%3A14%3A47.506Z"}]},{"metric_name":"Physical Reads Per Sec","begin_time":"2017-12-30T01:14:12Z","end_time":"2017-12-30T01:15:12Z","value":0,"timestamp":"2017-12-30T07:14:47.509Z","links":[{"rel":"self","href":"http://localhost:8080/ords/mic/io_reads/2017-12-30T07%3A14%3A47.509Z"}]},{"metric_name":"Physical Reads Per Sec","begin_time":"2017-12-30T01:15:12Z","end_time":"2017-12-30T01:16:12Z","value":0,"timestamp":"2017-12-30T07:14:47.512Z","links":[{"rel":"self","href":"http://localhost:8080/ords/mic/io_reads/2017-12-30T07%3A14%3A47.512Z"}]},{"metric_name":"Physical Reads Per Sec","begin_time":"2017-12-30T01:16:12Z","end_time":"2017-12-30T01:17:12Z","value":0,"timestamp":"2017-12-30T07:14:47.515Z","links":[{"rel":"self","href":"http://localhost:8080/ords/mic/io_reads/2017-12-30T07%3A14%3A47.515Z"}]},{"metric_name":"Physical Reads Per Sec","begin_time":"2017-12-30T01:17:12Z","end_time":"2017-12-30T01:18:12Z","value":0,"timestamp":"2017-12-30T07:14:47.518Z","links":[{"rel":"self","href":"http://localhost:8080/ords/mic/io_reads/2017-12-30T07%3A14%3A47.518Z"}]},{"metric_name":"Physical Reads Per Sec","begin_time":"2017-12-30T01:18:12Z","end_time":"2017-12-30T01:19:12Z","value":0,"timestamp":"2017-12-30T07:14:47.521Z","links":[{"rel":"self","href":"http://localhost:8080/ords/mic/io_reads/2017-12-30T07%3A14%3A47.521Z"}]},{"metric_name":"Physical Reads Per Sec","begin_time":"2017-12-30T01:19:12Z","end_time":"2017-12-30T01:20:12Z","value":0,"timestamp":"2017-12-30T07:14:47.523Z","links":[{"rel":"self","href":"http://localhost:8080/ords/mic/io_reads/2017-12-30T07%3A14%3A47.523Z"}]},{"metric_name":"Physical Reads Per Sec","begin_time":"2017-12-30T01:20:12Z","end_time":"2017-12-30T01:21:12Z","value":1.39976670554908,"timestamp":"2017-12-30T07:14:47.526Z","links":[{"rel":"self","href":"http://localhost:8080/ords/mic/io_reads/2017-12-30T07%3A14%3A47.526Z"}]},{"metric_name":"Physical Reads Per Sec","begin_time":"2017-12-30T01:21:12Z","end_time":"2017-12-30T01:22:12Z","value":0,"timestamp":"2017-12-30T07:14:47.53Z","links":[{"rel":"self","href":"http://localhost:8080/ords/mic/io_reads/2017-12-30T07%3A14%3A47.53Z"}]},{"metric_name":"Physical Reads Per Sec","begin_time":"2017-12-30T01:22:12Z","end_time":"2017-12-30T01:23:12Z","value":0,"timestamp":"2017-12-30T07:14:47.533Z","links":[{"rel":"self","href":"http://localhost:8080/ords/mic/io_reads/2017-12-30T07%3A14%3A47.533Z"}]},{"metric_name":"Physical Reads Per Sec","begin_time":"2017-12-30T01:23:12Z","end_time":"2017-12-30T01:24:12Z","value":0,"timestamp":"2017-12-30T07:14:47.535Z","links":[{"rel":"self","href":"http://localhost:8080/ords/mic/io_reads/2017-12-30T07%3A14%3A47.535Z"}]},{"metric_name":"Physical Reads Per Sec","begin_time":"2017-12-30T01:24:12Z","end_time":"2017-12-30T01:25:12Z","value":0,"timestamp":"2017-12-30T07:14:47.538Z","links":[{"rel":"self","href":"http://localhost:8080/ords/mic/io_reads/2017-12-30T07%3A14%3A47.538Z"}]},{"metric_name":"Physical Reads Per Sec","begin_time":"2017-12-30T01:25:12Z","end_time":"2017-12-30T01:26:12Z","value":0,"timestamp":"2017-12-30T07:14:47.541Z","links":[{"rel":"self","href":"http://localhost:8080/ords/mic/io_reads/2017-12-30T07%3A14%3A47.541Z"}]},{"metric_name":"Physical Reads Per Sec","begin_time":"2017-12-30T01:26:12Z","end_time":"2017-12-30T01:27:12Z","value":0,"timestamp":"2017-12-30T07:14:47.545Z","links":[{"rel":"self","href":"http://localhost:8080/ords/mic/io_reads/2017-12-30T07%3A14%3A47.545Z"}]},{"metric_name":"Physical Reads Per Sec","begin_time":"2017-12-30T01:27:12Z","end_time":"2017-12-30T01:28:12Z","value":0,"timestamp":"2017-12-30T07:14:47.548Z","links":[{"rel":"self","href":"http://localhost:8080/ords/mic/io_reads/2017-12-30T07%3A14%3A47.548Z"}]},{"metric_name":"Physical Reads Per Sec","begin_time":"2017-12-30T01:28:12Z","end_time":"2017-12-30T01:29:12Z","value":0,"timestamp":"2017-12-30T07:14:47.551Z","links":[{"rel":"self","href":"http://localhost:8080/ords/mic/io_reads/2017-12-30T07%3A14%3A47.551Z"}]},{"metric_name":"Physical Reads Per Sec","begin_time":"2017-12-30T01:29:12Z","end_time":"2017-12-30T01:30:12Z","value":0,"timestamp":"2017-12-30T07:14:47.553Z","links":[{"rel":"self","href":"http://localhost:8080/ords/mic/io_reads/2017-12-30T07%3A14%3A47.553Z"}]},{"metric_name":"Physical Reads Per Sec","begin_time":"2017-12-30T01:30:12Z","end_time":"2017-12-30T01:31:12Z","value":1.38333333333333,"timestamp":"2017-12-30T07:14:47.556Z","links":[{"rel":"self","href":"http://localhost:8080/ords/mic/io_reads/2017-12-30T07%3A14%3A47.556Z"}]},{"metric_name":"Physical Reads Per Sec","begin_time":"2017-12-30T01:31:12Z","end_time":"2017-12-30T01:32:12Z","value":0,"timestamp":"2017-12-30T07:14:47.559Z","links":[{"rel":"self","href":"http://localhost:8080/ords/mic/io_reads/2017-12-30T07%3A14%3A47.559Z"}]},{"metric_name":"Physical Reads Per Sec","begin_time":"2017-12-30T01:32:12Z","end_time":"2017-12-30T01:33:12Z","value":0,"timestamp":"2017-12-30T07:14:47.562Z","links":[{"rel":"self","href":"http://localhost:8080/ords/mic/io_reads/2017-12-30T07%3A14%3A47.562Z"}]},{"metric_name":"Physical Reads Per Sec","begin_time":"2017-12-30T01:33:12Z","end_time":"2017-12-30T01:34:12Z","value":0.149975004165972,"timestamp":"2017-12-30T07:14:47.564Z","links":[{"rel":"self","href":"http://localhost:8080/ords/mic/io_reads/2017-12-30T07%3A14%3A47.564Z"}]},{"metric_name":"Physical Reads Per Sec","begin_time":"2017-12-30T01:34:12Z","end_time":"2017-12-30T01:35:12Z","value":0,"timestamp":"2017-12-30T07:14:47.568Z","links":[{"rel":"self","href":"http://localhost:8080/ords/mic/io_reads/2017-12-30T07%3A14%3A47.568Z"}]},{"metric_name":"Physical Reads Per Sec","begin_time":"2017-12-30T01:35:12Z","end_time":"2017-12-30T01:36:12Z","value":0,"timestamp":"2017-12-30T07:14:47.57Z","links":[{"rel":"self","href":"http://localhost:8080/ords/mic/io_reads/2017-12-30T07%3A14%3A47.57Z"}]},{"metric_name":"Physical Reads Per Sec","begin_time":"2017-12-30T01:36:12Z","end_time":"2017-12-30T01:37:12Z","value":0,"timestamp":"2017-12-30T07:14:47.573Z","links":[{"rel":"self","href":"http://localhost:8080/ords/mic/io_reads/2017-12-30T07%3A14%3A47.573Z"}]},{"metric_name":"Physical Reads Per Sec","begin_time":"2017-12-30T01:37:12Z","end_time":"2017-12-30T01:38:13Z","value":0,"timestamp":"2017-12-30T07:14:47.576Z","links":[{"rel":"self","href":"http://localhost:8080/ords/mic/io_reads/2017-12-30T07%3A14%3A47.576Z"}]}],"hasMore":true,"limit":25,"offset":0,"count":25,"links":[{"rel":"self","href":"http://localhost:8080/ords/mic/io_reads/"},{"rel":"edit","href":"http://localhost:8080/ords/mic/io_reads/"},{"rel":"describedby","href":"http://localhost:8080/ords/mic/metadata-catalog/io_reads/"},{"rel":"first","href":"http://localhost:8080/ords/mic/io_reads/"},{"rel":"next","href":"http://localhost:8080/ords/mic/io_reads/?offset=25"}]}