{"items":[{"metric_name":"Physical Writes Per Sec","begin_time":"2017-12-30T02:14:28Z","end_time":"2017-12-30T02:14:43Z","value":0,"timestamp":"2017-12-30T07:14:47.754Z","links":[{"rel":"self","href":"http://localhost:8080/ords/mic/io_writes/2017-12-30T07%3A14%3A47.754Z"}]},{"metric_name":"Physical Writes Per Sec","begin_time":"2017-12-30T02:14:58Z","end_time":"2017-12-30T02:15:13Z","value":1.93075898801598,"timestamp":"2017-12-30T07:15:26.081Z","links":[{"rel":"self","href":"http://localhost:8080/ords/mic/io_writes/2017-12-30T07%3A15%3A26.081Z"}]},{"metric_name":"Physical Writes Per Sec","begin_time":"2017-12-30T02:08:28Z","end_time":"2017-12-30T02:08:43Z","value":0,"timestamp":"2017-12-30T07:08:46.128Z","links":[{"rel":"self","href":"http://localhost:8080/ords/mic/io_writes/2017-12-30T07%3A08%3A46.128Z"}]}],"hasMore":false,"limit":25,"offset":0,"count":3,"links":[{"rel":"self","href":"http://localhost:8080/ords/mic/io_writes/"},{"rel":"edit","href":"http://localhost:8080/ords/mic/io_writes/"},{"rel":"describedby","href":"http://localhost:8080/ords/mic/metadata-catalog/io_writes/"},{"rel":"first","href":"http://localhost:8080/ords/mic/io_writes/"}]}