{"items":[{"total_size_bytes":957.3558883666992,"free_size_bytes":38.60212707519531,"percentage_free":0.04032160614904936,"timestamp":"2017-12-30T07:14:47.46Z","links":[{"rel":"self","href":"http://localhost:8080/ords/mic/memory/2017-12-30T07%3A14%3A47.46Z"}]},{"total_size_bytes":959.9188079833984,"free_size_bytes":39.27894592285156,"percentage_free":0.04091902939725594,"timestamp":"2017-12-30T07:15:25.264Z","links":[{"rel":"self","href":"http://localhost:8080/ords/mic/memory/2017-12-30T07%3A15%3A25.264Z"}]},{"total_size_bytes":952.5442123413086,"free_size_bytes":42.51750946044922,"percentage_free":0.044635733344012656,"timestamp":"2017-12-30T07:08:45.747Z","links":[{"rel":"self","href":"http://localhost:8080/ords/mic/memory/2017-12-30T07%3A08%3A45.747Z"}]}],"hasMore":false,"limit":25,"offset":0,"count":3,"links":[{"rel":"self","href":"http://localhost:8080/ords/mic/memory/"},{"rel":"edit","href":"http://localhost:8080/ords/mic/memory/"},{"rel":"describedby","href":"http://localhost:8080/ords/mic/metadata-catalog/memory/"},{"rel":"first","href":"http://localhost:8080/ords/mic/memory/"}]}