{"items":[{"session_id":63,"username":"SYSTEM","user_id":9,"schema_name":"SYSTEM","login_time":"2017-12-29 21:14:15.0","timestamp":"2017-12-30T07:14:47.175Z","links":[{"rel":"self","href":"http://localhost:8080/ords/mic/sessions/63,2017-12-30T07%3A14%3A47.175Z"}]},{"session_id":13,"username":"SYS","user_id":0,"schema_name":"SYS","login_time":"2017-12-29 13:46:35.0","timestamp":"2017-12-30T07:15:24.931Z","links":[{"rel":"self","href":"http://localhost:8080/ords/mic/sessions/13,2017-12-30T07%3A15%3A24.931Z"}]},{"session_id":99,"username":"SYSTEM","user_id":9,"schema_name":"SYSTEM","login_time":"2017-12-29 21:14:51.0","timestamp":"2017-12-30T07:15:24.938Z","links":[{"rel":"self","href":"http://localhost:8080/ords/mic/sessions/99,2017-12-30T07%3A15%3A24.938Z"}]}],"hasMore":false,"limit":25,"offset":0,"count":3,"links":[{"rel":"self","href":"http://localhost:8080/ords/mic/sessions/"},{"rel":"edit","href":"http://localhost:8080/ords/mic/sessions/"},{"rel":"describedby","href":"http://localhost:8080/ords/mic/metadata-catalog/sessions/"},{"rel":"first","href":"http://localhost:8080/ords/mic/sessions/"}]}