{"items":[{"session_id":13,"username":"SYS","user_id":0,"schema_name":"SYS","login_time":"2017-12-29 13:46:35.0","timestamp":"2017-12-30T07:08:45.379Z","links":[{"rel":"self","href":"http://localhost:8080/ords/mic/sessionshistory/13,2017-12-30T07%3A08%3A45.379Z"}]},{"session_id":13,"username":"SYS","user_id":0,"schema_name":"SYS","login_time":"2017-12-29 13:46:35.0","timestamp":"2017-12-30T07:14:47.148Z","links":[{"rel":"self","href":"http://localhost:8080/ords/mic/sessionshistory/13,2017-12-30T07%3A14%3A47.148Z"}]},{"session_id":99,"username":"SYSTEM","user_id":9,"schema_name":"SYSTEM","login_time":"2017-12-29 21:08:07.0","timestamp":"2017-12-30T07:08:45.385Z","links":[{"rel":"self","href":"http://localhost:8080/ords/mic/sessionshistory/99,2017-12-30T07%3A08%3A45.385Z"}]}],"hasMore":false,"limit":25,"offset":0,"count":3,"links":[{"rel":"self","href":"http://localhost:8080/ords/mic/sessionshistory/"},{"rel":"edit","href":"http://localhost:8080/ords/mic/sessionshistory/"},{"rel":"describedby","href":"http://localhost:8080/ords/mic/metadata-catalog/sessionshistory/"},{"rel":"first","href":"http://localhost:8080/ords/mic/sessionshistory/"}]}