{"items":[{"tablespace_name":"ASSIGNMENT_TABLES","used_mb":2,"free_mb":198,"total_mb":200,"percentage_used":99,"timestamp":"2017-12-30T07:10:39.041Z","links":[{"rel":"self","href":"http://localhost:8080/ords/mic/tablespaceshistory/ASSIGNMENT_TABLES,2017-12-30T07%3A10%3A39.041Z"}]},{"tablespace_name":"SYSAUX","used_mb":1122,"free_mb":58,"total_mb":1180,"percentage_used":5,"timestamp":"2017-12-30T07:10:39.086Z","links":[{"rel":"self","href":"http://localhost:8080/ords/mic/tablespaceshistory/SYSAUX,2017-12-30T07%3A10%3A39.086Z"}]},{"tablespace_name":"UNDOTBS1","used_mb":26,"free_mb":354,"total_mb":380,"percentage_used":93,"timestamp":"2017-12-30T07:10:39.09Z","links":[{"rel":"self","href":"http://localhost:8080/ords/mic/tablespaceshistory/UNDOTBS1,2017-12-30T07%3A10%3A39.09Z"}]},{"tablespace_name":"APEX_1941389856444596","used_mb":7,"free_mb":1,"total_mb":8,"percentage_used":13,"timestamp":"2017-12-30T07:10:39.094Z","links":[{"rel":"self","href":"http://localhost:8080/ords/mic/tablespaceshistory/APEX_1941389856444596,2017-12-30T07%3A10%3A39.094Z"}]},{"tablespace_name":"USERS","used_mb":73,"free_mb":3,"total_mb":76,"percentage_used":4,"timestamp":"2017-12-30T07:10:39.098Z","links":[{"rel":"self","href":"http://localhost:8080/ords/mic/tablespaceshistory/USERS,2017-12-30T07%3A10%3A39.098Z"}]},{"tablespace_name":"AEBD_TABLES","used_mb":1,"free_mb":99,"total_mb":100,"percentage_used":99,"timestamp":"2017-12-30T07:10:39.102Z","links":[{"rel":"self","href":"http://localhost:8080/ords/mic/tablespaceshistory/AEBD_TABLES,2017-12-30T07%3A10%3A39.102Z"}]},{"tablespace_name":"SYSTEM","used_mb":349,"free_mb":1,"total_mb":350,"percentage_used":0,"timestamp":"2017-12-30T07:10:39.106Z","links":[{"rel":"self","href":"http://localhost:8080/ords/mic/tablespaceshistory/SYSTEM,2017-12-30T07%3A10%3A39.106Z"}]},{"tablespace_name":"TP_TABLES","used_mb":1,"free_mb":199,"total_mb":200,"percentage_used":100,"timestamp":"2017-12-30T07:10:39.11Z","links":[{"rel":"self","href":"http://localhost:8080/ords/mic/tablespaceshistory/TP_TABLES,2017-12-30T07%3A10%3A39.11Z"}]},{"tablespace_name":"ASSIGNMENT_TABLES","used_mb":3,"free_mb":197,"total_mb":200,"percentage_used":99,"timestamp":"2017-12-30T07:14:16.106Z","links":[{"rel":"self","href":"http://localhost:8080/ords/mic/tablespaceshistory/ASSIGNMENT_TABLES,2017-12-30T07%3A14%3A16.106Z"}]},{"tablespace_name":"SYSAUX","used_mb":1122,"free_mb":58,"total_mb":1180,"percentage_used":5,"timestamp":"2017-12-30T07:14:16.121Z","links":[{"rel":"self","href":"http://localhost:8080/ords/mic/tablespaceshistory/SYSAUX,2017-12-30T07%3A14%3A16.121Z"}]},{"tablespace_name":"UNDOTBS1","used_mb":26,"free_mb":354,"total_mb":380,"percentage_used":93,"timestamp":"2017-12-30T07:14:16.125Z","links":[{"rel":"self","href":"http://localhost:8080/ords/mic/tablespaceshistory/UNDOTBS1,2017-12-30T07%3A14%3A16.125Z"}]},{"tablespace_name":"APEX_1941389856444596","used_mb":7,"free_mb":1,"total_mb":8,"percentage_used":13,"timestamp":"2017-12-30T07:14:16.129Z","links":[{"rel":"self","href":"http://localhost:8080/ords/mic/tablespaceshistory/APEX_1941389856444596,2017-12-30T07%3A14%3A16.129Z"}]},{"tablespace_name":"USERS","used_mb":73,"free_mb":3,"total_mb":76,"percentage_used":4,"timestamp":"2017-12-30T07:14:16.135Z","links":[{"rel":"self","href":"http://localhost:8080/ords/mic/tablespaceshistory/USERS,2017-12-30T07%3A14%3A16.135Z"}]},{"tablespace_name":"AEBD_TABLES","used_mb":1,"free_mb":99,"total_mb":100,"percentage_used":99,"timestamp":"2017-12-30T07:14:16.139Z","links":[{"rel":"self","href":"http://localhost:8080/ords/mic/tablespaceshistory/AEBD_TABLES,2017-12-30T07%3A14%3A16.139Z"}]},{"tablespace_name":"SYSTEM","used_mb":349,"free_mb":1,"total_mb":350,"percentage_used":0,"timestamp":"2017-12-30T07:14:16.143Z","links":[{"rel":"self","href":"http://localhost:8080/ords/mic/tablespaceshistory/SYSTEM,2017-12-30T07%3A14%3A16.143Z"}]},{"tablespace_name":"TP_TABLES","used_mb":1,"free_mb":199,"total_mb":200,"percentage_used":100,"timestamp":"2017-12-30T07:14:16.15Z","links":[{"rel":"self","href":"http://localhost:8080/ords/mic/tablespaceshistory/TP_TABLES,2017-12-30T07%3A14%3A16.15Z"}]},{"tablespace_name":"ASSIGNMENT_TABLES","used_mb":1,"free_mb":199,"total_mb":200,"percentage_used":100,"timestamp":"2017-12-30T07:08:07.972Z","links":[{"rel":"self","href":"http://localhost:8080/ords/mic/tablespaceshistory/ASSIGNMENT_TABLES,2017-12-30T07%3A08%3A07.972Z"}]},{"tablespace_name":"SYSAUX","used_mb":1122,"free_mb":58,"total_mb":1180,"percentage_used":5,"timestamp":"2017-12-30T07:08:07.985Z","links":[{"rel":"self","href":"http://localhost:8080/ords/mic/tablespaceshistory/SYSAUX,2017-12-30T07%3A08%3A07.985Z"}]},{"tablespace_name":"UNDOTBS1","used_mb":26,"free_mb":354,"total_mb":380,"percentage_used":93,"timestamp":"2017-12-30T07:08:07.991Z","links":[{"rel":"self","href":"http://localhost:8080/ords/mic/tablespaceshistory/UNDOTBS1,2017-12-30T07%3A08%3A07.991Z"}]},{"tablespace_name":"APEX_1941389856444596","used_mb":7,"free_mb":1,"total_mb":8,"percentage_used":13,"timestamp":"2017-12-30T07:08:07.997Z","links":[{"rel":"self","href":"http://localhost:8080/ords/mic/tablespaceshistory/APEX_1941389856444596,2017-12-30T07%3A08%3A07.997Z"}]},{"tablespace_name":"USERS","used_mb":73,"free_mb":3,"total_mb":76,"percentage_used":4,"timestamp":"2017-12-30T07:08:08.013Z","links":[{"rel":"self","href":"http://localhost:8080/ords/mic/tablespaceshistory/USERS,2017-12-30T07%3A08%3A08.013Z"}]},{"tablespace_name":"AEBD_TABLES","used_mb":1,"free_mb":99,"total_mb":100,"percentage_used":99,"timestamp":"2017-12-30T07:08:08.019Z","links":[{"rel":"self","href":"http://localhost:8080/ords/mic/tablespaceshistory/AEBD_TABLES,2017-12-30T07%3A08%3A08.019Z"}]},{"tablespace_name":"SYSTEM","used_mb":349,"free_mb":1,"total_mb":350,"percentage_used":0,"timestamp":"2017-12-30T07:08:08.025Z","links":[{"rel":"self","href":"http://localhost:8080/ords/mic/tablespaceshistory/SYSTEM,2017-12-30T07%3A08%3A08.025Z"}]},{"tablespace_name":"TP_TABLES","used_mb":1,"free_mb":199,"total_mb":200,"percentage_used":100,"timestamp":"2017-12-30T07:08:08.03Z","links":[{"rel":"self","href":"http://localhost:8080/ords/mic/tablespaceshistory/TP_TABLES,2017-12-30T07%3A08%3A08.03Z"}]}],"hasMore":false,"limit":25,"offset":0,"count":24,"links":[{"rel":"self","href":"http://localhost:8080/ords/mic/tablespaceshistory/"},{"rel":"edit","href":"http://localhost:8080/ords/mic/tablespaceshistory/"},{"rel":"describedby","href":"http://localhost:8080/ords/mic/metadata-catalog/tablespaceshistory/"},{"rel":"first","href":"http://localhost:8080/ords/mic/tablespaceshistory/"}]}