{"items":[{"tablespace_name":"ASSIGNMENT_TABLES","used_mb":3,"free_mb":197,"total_mb":200,"percentage_used":99,"timestamp":"2017-12-30T07:14:52.164Z","links":[{"rel":"self","href":"http://localhost:8080/ords/mic/tablespaces/ASSIGNMENT_TABLES"}]},{"tablespace_name":"SYSAUX","used_mb":1122,"free_mb":58,"total_mb":1180,"percentage_used":5,"timestamp":"2017-12-30T07:14:52.171Z","links":[{"rel":"self","href":"http://localhost:8080/ords/mic/tablespaces/SYSAUX"}]},{"tablespace_name":"UNDOTBS1","used_mb":25,"free_mb":355,"total_mb":380,"percentage_used":93,"timestamp":"2017-12-30T07:14:52.176Z","links":[{"rel":"self","href":"http://localhost:8080/ords/mic/tablespaces/UNDOTBS1"}]},{"tablespace_name":"APEX_1941389856444596","used_mb":7,"free_mb":1,"total_mb":8,"percentage_used":13,"timestamp":"2017-12-30T07:14:52.18Z","links":[{"rel":"self","href":"http://localhost:8080/ords/mic/tablespaces/APEX_1941389856444596"}]},{"tablespace_name":"USERS","used_mb":73,"free_mb":3,"total_mb":76,"percentage_used":4,"timestamp":"2017-12-30T07:14:52.188Z","links":[{"rel":"self","href":"http://localhost:8080/ords/mic/tablespaces/USERS"}]},{"tablespace_name":"AEBD_TABLES","used_mb":1,"free_mb":99,"total_mb":100,"percentage_used":99,"timestamp":"2017-12-30T07:14:52.192Z","links":[{"rel":"self","href":"http://localhost:8080/ords/mic/tablespaces/AEBD_TABLES"}]},{"tablespace_name":"SYSTEM","used_mb":349,"free_mb":1,"total_mb":350,"percentage_used":0,"timestamp":"2017-12-30T07:14:52.196Z","links":[{"rel":"self","href":"http://localhost:8080/ords/mic/tablespaces/SYSTEM"}]},{"tablespace_name":"TP_TABLES","used_mb":1,"free_mb":199,"total_mb":200,"percentage_used":100,"timestamp":"2017-12-30T07:14:52.2Z","links":[{"rel":"self","href":"http://localhost:8080/ords/mic/tablespaces/TP_TABLES"}]}],"hasMore":false,"limit":25,"offset":0,"count":8,"links":[{"rel":"self","href":"http://localhost:8080/ords/mic/tablespaces/"},{"rel":"edit","href":"http://localhost:8080/ords/mic/tablespaces/"},{"rel":"describedby","href":"http://localhost:8080/ords/mic/metadata-catalog/tablespaces/"},{"rel":"first","href":"http://localhost:8080/ords/mic/tablespaces/"}]}