{"items":[{"owner_name":"SYS","owner_id":0,"name":"OLAP_METADATA_DEPENDENCIES$","correspondent_tablespace":"SYSTEM","nr_of_accesses":0,"nr_of_regists":0,"dropped":"NO","timestamp":"2017-12-30T07:15:13.998Z","links":[{"rel":"self","href":"http://localhost:8080/ords/mic/tables/0,OLAP_METADATA_DEPENDENCIES%24"}]},{"owner_name":"SYS","owner_id":0,"name":"OLAP_CUBE_DIMENSIONS$","correspondent_tablespace":"SYSTEM","nr_of_accesses":0,"nr_of_regists":0,"dropped":"NO","timestamp":"2017-12-30T07:15:14.002Z","links":[{"rel":"self","href":"http://localhost:8080/ords/mic/tables/0,OLAP_CUBE_DIMENSIONS%24"}]},{"owner_name":"SYS","owner_id":0,"name":"OLAP_DIM_LEVELS$","correspondent_tablespace":"SYSTEM","nr_of_accesses":0,"nr_of_regists":0,"dropped":"NO","timestamp":"2017-12-30T07:15:14.006Z","links":[{"rel":"self","href":"http://localhost:8080/ords/mic/tables/0,OLAP_DIM_LEVELS%24"}]},{"owner_name":"SYS","owner_id":0,"name":"OLAP_ATTRIBUTES$","correspondent_tablespace":"SYSTEM","nr_of_accesses":0,"nr_of_regists":0,"dropped":"NO","timestamp":"2017-12-30T07:15:14.009Z","links":[{"rel":"self","href":"http://localhost:8080/ords/mic/tables/0,OLAP_ATTRIBUTES%24"}]},{"owner_name":"SYS","owner_id":0,"name":"OLAP_ATTRIBUTE_VISIBILITY$","correspondent_tablespace":"SYSTEM","nr_of_accesses":0,"nr_of_regists":0,"dropped":"NO","timestamp":"2017-12-30T07:15:14.013Z","links":[{"rel":"self","href":"http://localhost:8080/ords/mic/tables/0,OLAP_ATTRIBUTE_VISIBILITY%24"}]},{"owner_name":"SYS","owner_id":0,"name":"OLAP_HIERARCHIES$","correspondent_tablespace":"SYSTEM","nr_of_accesses":0,"nr_of_regists":0,"dropped":"NO","timestamp":"2017-12-30T07:15:14.016Z","links":[{"rel":"self","href":"http://localhost:8080/ords/mic/tables/0,OLAP_HIERARCHIES%24"}]},{"owner_name":"SYS","owner_id":0,"name":"OLAP_HIER_LEVELS$","correspondent_tablespace":"SYSTEM","nr_of_accesses":0,"nr_of_regists":0,"dropped":"NO","timestamp":"2017-12-30T07:15:14.02Z","links":[{"rel":"self","href":"http://localhost:8080/ords/mic/tables/0,OLAP_HIER_LEVELS%24"}]},{"owner_name":"SYS","owner_id":0,"name":"OLAP_CUBES$","correspondent_tablespace":"SYSTEM","nr_of_accesses":0,"nr_of_regists":0,"dropped":"NO","timestamp":"2017-12-30T07:15:14.024Z","links":[{"rel":"self","href":"http://localhost:8080/ords/mic/tables/0,OLAP_CUBES%24"}]},{"owner_name":"SYS","owner_id":0,"name":"OLAP_MEASURES$","correspondent_tablespace":"SYSTEM","nr_of_accesses":0,"nr_of_regists":0,"dropped":"NO","timestamp":"2017-12-30T07:15:14.028Z","links":[{"rel":"self","href":"http://localhost:8080/ords/mic/tables/0,OLAP_MEASURES%24"}]},{"owner_name":"SYS","owner_id":0,"name":"OLAP_DIMENSIONALITY$","correspondent_tablespace":"SYSTEM","nr_of_accesses":0,"nr_of_regists":0,"dropped":"NO","timestamp":"2017-12-30T07:15:14.032Z","links":[{"rel":"self","href":"http://localhost:8080/ords/mic/tables/0,OLAP_DIMENSIONALITY%24"}]},{"owner_name":"SYS","owner_id":0,"name":"OLAP_TAB$","correspondent_tablespace":"SYSTEM","nr_of_accesses":0,"nr_of_regists":0,"dropped":"NO","timestamp":"2017-12-30T07:15:14.035Z","links":[{"rel":"self","href":"http://localhost:8080/ords/mic/tables/0,OLAP_TAB%24"}]},{"owner_name":"SYS","owner_id":0,"name":"OLAP_TAB_COL$","correspondent_tablespace":"SYSTEM","nr_of_accesses":0,"nr_of_regists":0,"dropped":"NO","timestamp":"2017-12-30T07:15:14.039Z","links":[{"rel":"self","href":"http://localhost:8080/ords/mic/tables/0,OLAP_TAB_COL%24"}]},{"owner_name":"SYS","owner_id":0,"name":"OLAP_TAB_HIER$","correspondent_tablespace":"SYSTEM","nr_of_accesses":0,"nr_of_regists":0,"dropped":"NO","timestamp":"2017-12-30T07:15:14.042Z","links":[{"rel":"self","href":"http://localhost:8080/ords/mic/tables/0,OLAP_TAB_HIER%24"}]},{"owner_name":"SYS","owner_id":0,"name":"OLAP_METADATA_PROPERTIES$","correspondent_tablespace":"SYSTEM","nr_of_accesses":0,"nr_of_regists":0,"dropped":"NO","timestamp":"2017-12-30T07:15:14.046Z","links":[{"rel":"self","href":"http://localhost:8080/ords/mic/tables/0,OLAP_METADATA_PROPERTIES%24"}]},{"owner_name":"SYS","owner_id":0,"name":"SUM$","correspondent_tablespace":"SYSTEM","nr_of_accesses":0,"nr_of_regists":0,"dropped":"NO","timestamp":"2017-12-30T07:15:14.051Z","links":[{"rel":"self","href":"http://localhost:8080/ords/mic/tables/0,SUM%24"}]},{"owner_name":"SYS","owner_id":0,"name":"SUMDETAIL$","correspondent_tablespace":"SYSTEM","nr_of_accesses":0,"nr_of_regists":0,"dropped":"NO","timestamp":"2017-12-30T07:15:14.054Z","links":[{"rel":"self","href":"http://localhost:8080/ords/mic/tables/0,SUMDETAIL%24"}]},{"owner_name":"SYS","owner_id":0,"name":"SUMINLINE$","correspondent_tablespace":"SYSTEM","nr_of_accesses":0,"nr_of_regists":0,"dropped":"NO","timestamp":"2017-12-30T07:15:14.058Z","links":[{"rel":"self","href":"http://localhost:8080/ords/mic/tables/0,SUMINLINE%24"}]},{"owner_name":"SYS","owner_id":0,"name":"SUMKEY$","correspondent_tablespace":"SYSTEM","nr_of_accesses":0,"nr_of_regists":0,"dropped":"NO","timestamp":"2017-12-30T07:15:14.062Z","links":[{"rel":"self","href":"http://localhost:8080/ords/mic/tables/0,SUMKEY%24"}]},{"owner_name":"SYS","owner_id":0,"name":"SUMAGG$","correspondent_tablespace":"SYSTEM","nr_of_accesses":0,"nr_of_regists":0,"dropped":"NO","timestamp":"2017-12-30T07:15:14.065Z","links":[{"rel":"self","href":"http://localhost:8080/ords/mic/tables/0,SUMAGG%24"}]},{"owner_name":"SYS","owner_id":0,"name":"SUMJOIN$","correspondent_tablespace":"SYSTEM","nr_of_accesses":0,"nr_of_regists":0,"dropped":"NO","timestamp":"2017-12-30T07:15:14.069Z","links":[{"rel":"self","href":"http://localhost:8080/ords/mic/tables/0,SUMJOIN%24"}]},{"owner_name":"SYS","owner_id":0,"name":"SUMDEP$","correspondent_tablespace":"SYSTEM","nr_of_accesses":0,"nr_of_regists":0,"dropped":"NO","timestamp":"2017-12-30T07:15:14.073Z","links":[{"rel":"self","href":"http://localhost:8080/ords/mic/tables/0,SUMDEP%24"}]},{"owner_name":"SYS","owner_id":0,"name":"SUMPRED$","correspondent_tablespace":"SYSTEM","nr_of_accesses":0,"nr_of_regists":0,"dropped":"NO","timestamp":"2017-12-30T07:15:14.076Z","links":[{"rel":"self","href":"http://localhost:8080/ords/mic/tables/0,SUMPRED%24"}]},{"owner_name":"SYS","owner_id":0,"name":"SUMQB$","correspondent_tablespace":"SYSTEM","nr_of_accesses":0,"nr_of_regists":0,"dropped":"NO","timestamp":"2017-12-30T07:15:14.08Z","links":[{"rel":"self","href":"http://localhost:8080/ords/mic/tables/0,SUMQB%24"}]},{"owner_name":"SYS","owner_id":0,"name":"HIER$","correspondent_tablespace":"SYSTEM","nr_of_accesses":0,"nr_of_regists":0,"dropped":"NO","timestamp":"2017-12-30T07:15:14.083Z","links":[{"rel":"self","href":"http://localhost:8080/ords/mic/tables/0,HIER%24"}]},{"owner_name":"SYS","owner_id":0,"name":"HIERLEVEL$","correspondent_tablespace":"SYSTEM","nr_of_accesses":0,"nr_of_regists":0,"dropped":"NO","timestamp":"2017-12-30T07:15:14.087Z","links":[{"rel":"self","href":"http://localhost:8080/ords/mic/tables/0,HIERLEVEL%24"}]}],"hasMore":true,"limit":25,"offset":0,"count":25,"links":[{"rel":"self","href":"http://localhost:8080/ords/mic/tables/"},{"rel":"edit","href":"http://localhost:8080/ords/mic/tables/"},{"rel":"describedby","href":"http://localhost:8080/ords/mic/metadata-catalog/tables/"},{"rel":"first","href":"http://localhost:8080/ords/mic/tables/"},{"rel":"next","href":"http://localhost:8080/ords/mic/tables/?offset=25"}]}