{"items":[{"owner_name":"SYS","owner_id":0,"name":"VIEWTRCOL$","correspondent_tablespace":"SYSTEM","nr_of_accesses":0,"nr_of_regists":0,"dropped":"NO","timestamp":"2017-12-30T07:08:27.574Z","links":[{"rel":"self","href":"http://localhost:8080/ords/mic/tableshistory/0,VIEWTRCOL%24,2017-12-30T07%3A08%3A27.574Z"}]},{"owner_name":"SYS","owner_id":0,"name":"ASSEMBLY$","correspondent_tablespace":"SYSTEM","nr_of_accesses":0,"nr_of_regists":0,"dropped":"NO","timestamp":"2017-12-30T07:08:27.626Z","links":[{"rel":"self","href":"http://localhost:8080/ords/mic/tableshistory/0,ASSEMBLY%24,2017-12-30T07%3A08%3A27.626Z"}]},{"owner_name":"SYS","owner_id":0,"name":"FET$","correspondent_tablespace":"SYSTEM","nr_of_accesses":0,"nr_of_regists":0,"dropped":"NO","timestamp":"2017-12-30T07:08:27.631Z","links":[{"rel":"self","href":"http://localhost:8080/ords/mic/tableshistory/0,FET%24,2017-12-30T07%3A08%3A27.631Z"}]},{"owner_name":"SYS","owner_id":0,"name":"UET$","correspondent_tablespace":"SYSTEM","nr_of_accesses":0,"nr_of_regists":0,"dropped":"NO","timestamp":"2017-12-30T07:08:27.637Z","links":[{"rel":"self","href":"http://localhost:8080/ords/mic/tableshistory/0,UET%24,2017-12-30T07%3A08%3A27.637Z"}]},{"owner_name":"SYS","owner_id":0,"name":"PROXY_DATA$","correspondent_tablespace":"SYSTEM","nr_of_accesses":0,"nr_of_regists":0,"dropped":"NO","timestamp":"2017-12-30T07:08:27.646Z","links":[{"rel":"self","href":"http://localhost:8080/ords/mic/tableshistory/0,PROXY_DATA%24,2017-12-30T07%3A08%3A27.646Z"}]},{"owner_name":"SYS","owner_id":0,"name":"PROXY_ROLE_DATA$","correspondent_tablespace":"SYSTEM","nr_of_accesses":0,"nr_of_regists":0,"dropped":"NO","timestamp":"2017-12-30T07:08:27.651Z","links":[{"rel":"self","href":"http://localhost:8080/ords/mic/tableshistory/0,PROXY_ROLE_DATA%24,2017-12-30T07%3A08%3A27.651Z"}]},{"owner_name":"SYS","owner_id":0,"name":"OBJERROR$","correspondent_tablespace":"SYSTEM","nr_of_accesses":832,"nr_of_regists":0,"dropped":"NO","timestamp":"2017-12-30T07:08:27.656Z","links":[{"rel":"self","href":"http://localhost:8080/ords/mic/tableshistory/0,OBJERROR%24,2017-12-30T07%3A08%3A27.656Z"}]},{"owner_name":"SYS","owner_id":0,"name":"TAB_STATS$","correspondent_tablespace":"SYSTEM","nr_of_accesses":128,"nr_of_regists":0,"dropped":"NO","timestamp":"2017-12-30T07:08:27.661Z","links":[{"rel":"self","href":"http://localhost:8080/ords/mic/tableshistory/0,TAB_STATS%24,2017-12-30T07%3A08%3A27.661Z"}]},{"owner_name":"SYS","owner_id":0,"name":"IND_STATS$","correspondent_tablespace":"SYSTEM","nr_of_accesses":0,"nr_of_regists":0,"dropped":"NO","timestamp":"2017-12-30T07:08:27.666Z","links":[{"rel":"self","href":"http://localhost:8080/ords/mic/tableshistory/0,IND_STATS%24,2017-12-30T07%3A08%3A27.666Z"}]},{"owner_name":"SYS","owner_id":0,"name":"OBJECT_USAGE","correspondent_tablespace":"SYSTEM","nr_of_accesses":0,"nr_of_regists":0,"dropped":"NO","timestamp":"2017-12-30T07:08:27.671Z","links":[{"rel":"self","href":"http://localhost:8080/ords/mic/tableshistory/0,OBJECT_USAGE,2017-12-30T07%3A08%3A27.671Z"}]},{"owner_name":"SYS","owner_id":0,"name":"UGROUP$","correspondent_tablespace":"SYSTEM","nr_of_accesses":0,"nr_of_regists":0,"dropped":"NO","timestamp":"2017-12-30T07:08:27.678Z","links":[{"rel":"self","href":"http://localhost:8080/ords/mic/tableshistory/0,UGROUP%24,2017-12-30T07%3A08%3A27.678Z"}]},{"owner_name":"SYS","owner_id":0,"name":"SUPEROBJ$","correspondent_tablespace":"SYSTEM","nr_of_accesses":0,"nr_of_regists":0,"dropped":"NO","timestamp":"2017-12-30T07:08:27.683Z","links":[{"rel":"self","href":"http://localhost:8080/ords/mic/tableshistory/0,SUPEROBJ%24,2017-12-30T07%3A08%3A27.683Z"}]},{"owner_name":"SYS","owner_id":0,"name":"IDNSEQ$","correspondent_tablespace":"SYSTEM","nr_of_accesses":0,"nr_of_regists":0,"dropped":"NO","timestamp":"2017-12-30T07:08:27.689Z","links":[{"rel":"self","href":"http://localhost:8080/ords/mic/tableshistory/0,IDNSEQ%24,2017-12-30T07%3A08%3A27.689Z"}]},{"owner_name":"SYS","owner_id":0,"name":"VIEWCON$","correspondent_tablespace":"SYSTEM","nr_of_accesses":0,"nr_of_regists":0,"dropped":"NO","timestamp":"2017-12-30T07:08:27.695Z","links":[{"rel":"self","href":"http://localhost:8080/ords/mic/tableshistory/0,VIEWCON%24,2017-12-30T07%3A08%3A27.695Z"}]},{"owner_name":"SYS","owner_id":0,"name":"OBJPRIV$","correspondent_tablespace":"SYSTEM","nr_of_accesses":0,"nr_of_regists":0,"dropped":"NO","timestamp":"2017-12-30T07:08:27.699Z","links":[{"rel":"self","href":"http://localhost:8080/ords/mic/tableshistory/0,OBJPRIV%24,2017-12-30T07%3A08%3A27.699Z"}]},{"owner_name":"SYS","owner_id":0,"name":"DEFROLE$","correspondent_tablespace":"SYSTEM","nr_of_accesses":0,"nr_of_regists":0,"dropped":"NO","timestamp":"2017-12-30T07:08:27.704Z","links":[{"rel":"self","href":"http://localhost:8080/ords/mic/tableshistory/0,DEFROLE%24,2017-12-30T07%3A08%3A27.704Z"}]},{"owner_name":"SYS","owner_id":0,"name":"CDB_LOCAL_ADMINAUTH$","correspondent_tablespace":"SYSTEM","nr_of_accesses":0,"nr_of_regists":0,"dropped":"NO","timestamp":"2017-12-30T07:08:27.709Z","links":[{"rel":"self","href":"http://localhost:8080/ords/mic/tableshistory/0,CDB_LOCAL_ADMINAUTH%24,2017-12-30T07%3A08%3A27.709Z"}]},{"owner_name":"SYS","owner_id":0,"name":"EV$","correspondent_tablespace":"SYSTEM","nr_of_accesses":0,"nr_of_regists":0,"dropped":"NO","timestamp":"2017-12-30T07:08:27.714Z","links":[{"rel":"self","href":"http://localhost:8080/ords/mic/tableshistory/0,EV%24,2017-12-30T07%3A08%3A27.714Z"}]},{"owner_name":"SYS","owner_id":0,"name":"EVCOL$","correspondent_tablespace":"SYSTEM","nr_of_accesses":0,"nr_of_regists":0,"dropped":"NO","timestamp":"2017-12-30T07:08:27.72Z","links":[{"rel":"self","href":"http://localhost:8080/ords/mic/tableshistory/0,EVCOL%24,2017-12-30T07%3A08%3A27.72Z"}]},{"owner_name":"SYS","owner_id":0,"name":"SQLERROR$","correspondent_tablespace":"SYSTEM","nr_of_accesses":0,"nr_of_regists":0,"dropped":"NO","timestamp":"2017-12-30T07:08:27.725Z","links":[{"rel":"self","href":"http://localhost:8080/ords/mic/tableshistory/0,SQLERROR%24,2017-12-30T07%3A08%3A27.725Z"}]},{"owner_name":"SYS","owner_id":0,"name":"CONTAINER$","correspondent_tablespace":"SYSTEM","nr_of_accesses":0,"nr_of_regists":0,"dropped":"NO","timestamp":"2017-12-30T07:08:27.73Z","links":[{"rel":"self","href":"http://localhost:8080/ords/mic/tableshistory/0,CONTAINER%24,2017-12-30T07%3A08%3A27.73Z"}]},{"owner_name":"SYS","owner_id":0,"name":"CONDATA$","correspondent_tablespace":"SYSTEM","nr_of_accesses":0,"nr_of_regists":0,"dropped":"NO","timestamp":"2017-12-30T07:08:27.735Z","links":[{"rel":"self","href":"http://localhost:8080/ords/mic/tableshistory/0,CONDATA%24,2017-12-30T07%3A08%3A27.735Z"}]},{"owner_name":"SYS","owner_id":0,"name":"PDB_ALERT$","correspondent_tablespace":"SYSTEM","nr_of_accesses":0,"nr_of_regists":0,"dropped":"NO","timestamp":"2017-12-30T07:08:27.74Z","links":[{"rel":"self","href":"http://localhost:8080/ords/mic/tableshistory/0,PDB_ALERT%24,2017-12-30T07%3A08%3A27.74Z"}]},{"owner_name":"SYS","owner_id":0,"name":"PDB_INV_TYPE$","correspondent_tablespace":"SYSTEM","nr_of_accesses":0,"nr_of_regists":0,"dropped":"NO","timestamp":"2017-12-30T07:08:27.745Z","links":[{"rel":"self","href":"http://localhost:8080/ords/mic/tableshistory/0,PDB_INV_TYPE%24,2017-12-30T07%3A08%3A27.745Z"}]},{"owner_name":"SYS","owner_id":0,"name":"PDB_SPFILE$","correspondent_tablespace":"SYSTEM","nr_of_accesses":0,"nr_of_regists":0,"dropped":"NO","timestamp":"2017-12-30T07:08:27.749Z","links":[{"rel":"self","href":"http://localhost:8080/ords/mic/tableshistory/0,PDB_SPFILE%24,2017-12-30T07%3A08%3A27.749Z"}]}],"hasMore":true,"limit":25,"offset":0,"count":25,"links":[{"rel":"self","href":"http://localhost:8080/ords/mic/tableshistory/"},{"rel":"edit","href":"http://localhost:8080/ords/mic/tableshistory/"},{"rel":"describedby","href":"http://localhost:8080/ords/mic/metadata-catalog/tableshistory/"},{"rel":"first","href":"http://localhost:8080/ords/mic/tableshistory/"},{"rel":"next","href":"http://localhost:8080/ords/mic/tableshistory/?offset=25"}]}