{"items":[{"user_id":0,"name":"SYS","default_tablespace":"SYSTEM","temporary_tablespace":"TEMP","account_status":"OPEN","quota":0,"privilege":"DROP ANY ANALYTIC VIEW","cpu_usage":0,"timestamp":"2017-12-30T07:14:53.999Z","links":[{"rel":"self","href":"http://localhost:8080/ords/mic/users/0"}]},{"user_id":9,"name":"SYSTEM","default_tablespace":"SYSTEM","temporary_tablespace":"TEMP","account_status":"OPEN","quota":0,"privilege":"MANAGE ANY QUEUE","cpu_usage":1.83,"timestamp":"2017-12-30T07:14:54.007Z","links":[{"rel":"self","href":"http://localhost:8080/ords/mic/users/9"}]},{"user_id":2147483638,"name":"XS$NULL","default_tablespace":"SYSTEM","temporary_tablespace":"TEMP","account_status":"EXPIRED & LOCKED","quota":0,"privilege":"null","cpu_usage":null,"timestamp":"2017-12-30T07:14:54.014Z","links":[{"rel":"self","href":"http://localhost:8080/ords/mic/users/2147483638"}]},{"user_id":101,"name":"LBACSYS","default_tablespace":"SYSTEM","temporary_tablespace":"TEMP","account_status":"EXPIRED & LOCKED","quota":0,"privilege":"ADMINISTER DATABASE TRIGGER","cpu_usage":null,"timestamp":"2017-12-30T07:14:54.017Z","links":[{"rel":"self","href":"http://localhost:8080/ords/mic/users/101"}]},{"user_id":13,"name":"OUTLN","default_tablespace":"SYSTEM","temporary_tablespace":"TEMP","account_status":"EXPIRED & LOCKED","quota":0,"privilege":"EXECUTE ANY PROCEDURE","cpu_usage":null,"timestamp":"2017-12-30T07:14:54.021Z","links":[{"rel":"self","href":"http://localhost:8080/ords/mic/users/13"}]},{"user_id":54,"name":"DBSNMP","default_tablespace":"SYSAUX","temporary_tablespace":"TEMP","account_status":"EXPIRED & LOCKED","quota":0,"privilege":"CREATE TABLE","cpu_usage":null,"timestamp":"2017-12-30T07:14:54.025Z","links":[{"rel":"self","href":"http://localhost:8080/ords/mic/users/54"}]},{"user_id":55,"name":"APPQOSSYS","default_tablespace":"SYSAUX","temporary_tablespace":"TEMP","account_status":"EXPIRED & LOCKED","quota":0,"privilege":"ALTER SESSION","cpu_usage":null,"timestamp":"2017-12-30T07:14:54.029Z","links":[{"rel":"self","href":"http://localhost:8080/ords/mic/users/55"}]},{"user_id":35,"name":"DBSFWUSER","default_tablespace":"SYSAUX","temporary_tablespace":"TEMP","account_status":"EXPIRED & LOCKED","quota":0,"privilege":"UNLIMITED TABLESPACE","cpu_usage":null,"timestamp":"2017-12-30T07:14:54.033Z","links":[{"rel":"self","href":"http://localhost:8080/ords/mic/users/35"}]},{"user_id":60,"name":"GGSYS","default_tablespace":"SYSAUX","temporary_tablespace":"TEMP","account_status":"EXPIRED & LOCKED","quota":0,"privilege":"UNLIMITED TABLESPACE","cpu_usage":null,"timestamp":"2017-12-30T07:14:54.038Z","links":[{"rel":"self","href":"http://localhost:8080/ords/mic/users/60"}]},{"user_id":63,"name":"ANONYMOUS","default_tablespace":"SYSAUX","temporary_tablespace":"TEMP","account_status":"OPEN","quota":0,"privilege":"CREATE SESSION","cpu_usage":null,"timestamp":"2017-12-30T07:14:54.041Z","links":[{"rel":"self","href":"http://localhost:8080/ords/mic/users/63"}]},{"user_id":108,"name":"FLOWS_FILES","default_tablespace":"SYSAUX","temporary_tablespace":"TEMP","account_status":"OPEN","quota":0,"privilege":"CREATE SYNONYM","cpu_usage":null,"timestamp":"2017-12-30T07:14:54.045Z","links":[{"rel":"self","href":"http://localhost:8080/ords/mic/users/108"}]},{"user_id":84,"name":"CTXSYS","default_tablespace":"SYSAUX","temporary_tablespace":"TEMP","account_status":"EXPIRED & LOCKED","quota":0,"privilege":"CREATE JOB","cpu_usage":null,"timestamp":"2017-12-30T07:14:54.049Z","links":[{"rel":"self","href":"http://localhost:8080/ords/mic/users/84"}]},{"user_id":117,"name":"ORDS_METADATA","default_tablespace":"SYSAUX","temporary_tablespace":"TEMP","account_status":"EXPIRED & LOCKED","quota":1572864,"privilege":"CREATE ANY TRIGGER","cpu_usage":null,"timestamp":"2017-12-30T07:14:54.052Z","links":[{"rel":"self","href":"http://localhost:8080/ords/mic/users/117"}]},{"user_id":89,"name":"SI_INFORMTN_SCHEMA","default_tablespace":"SYSAUX","temporary_tablespace":"TEMP","account_status":"EXPIRED & LOCKED","quota":0,"privilege":"UNLIMITED TABLESPACE","cpu_usage":null,"timestamp":"2017-12-30T07:14:54.057Z","links":[{"rel":"self","href":"http://localhost:8080/ords/mic/users/89"}]},{"user_id":1279990,"name":"DVSYS","default_tablespace":"SYSAUX","temporary_tablespace":"TEMP","account_status":"EXPIRED & LOCKED","quota":0,"privilege":"DROP ANY CONTEXT","cpu_usage":null,"timestamp":"2017-12-30T07:14:54.06Z","links":[{"rel":"self","href":"http://localhost:8080/ords/mic/users/1279990"}]},{"user_id":103,"name":"DVF","default_tablespace":"SYSAUX","temporary_tablespace":"TEMP","account_status":"EXPIRED & LOCKED","quota":0,"privilege":"CREATE PROCEDURE","cpu_usage":null,"timestamp":"2017-12-30T07:14:54.064Z","links":[{"rel":"self","href":"http://localhost:8080/ords/mic/users/103"}]},{"user_id":21,"name":"GSMADMIN_INTERNAL","default_tablespace":"SYSAUX","temporary_tablespace":"TEMP","account_status":"EXPIRED & LOCKED","quota":917504,"privilege":"ALTER TABLESPACE","cpu_usage":null,"timestamp":"2017-12-30T07:14:54.068Z","links":[{"rel":"self","href":"http://localhost:8080/ords/mic/users/21"}]},{"user_id":88,"name":"ORDPLUGINS","default_tablespace":"SYSAUX","temporary_tablespace":"TEMP","account_status":"EXPIRED & LOCKED","quota":0,"privilege":"INHERIT ANY PRIVILEGES","cpu_usage":null,"timestamp":"2017-12-30T07:14:54.071Z","links":[{"rel":"self","href":"http://localhost:8080/ords/mic/users/88"}]},{"user_id":110,"name":"APEX_050100","default_tablespace":"SYSAUX","temporary_tablespace":"TEMP","account_status":"OPEN","quota":0,"privilege":"CREATE ROLE","cpu_usage":null,"timestamp":"2017-12-30T07:14:54.075Z","links":[{"rel":"self","href":"http://localhost:8080/ords/mic/users/110"}]},{"user_id":90,"name":"MDSYS","default_tablespace":"SYSAUX","temporary_tablespace":"TEMP","account_status":"EXPIRED & LOCKED","quota":0,"privilege":"ADMINISTER DATABASE TRIGGER","cpu_usage":null,"timestamp":"2017-12-30T07:14:54.08Z","links":[{"rel":"self","href":"http://localhost:8080/ords/mic/users/90"}]},{"user_id":93,"name":"OLAPSYS","default_tablespace":"SYSAUX","temporary_tablespace":"TEMP","account_status":"EXPIRED & LOCKED","quota":0,"privilege":"null","cpu_usage":null,"timestamp":"2017-12-30T07:14:54.084Z","links":[{"rel":"self","href":"http://localhost:8080/ords/mic/users/93"}]},{"user_id":87,"name":"ORDDATA","default_tablespace":"SYSAUX","temporary_tablespace":"TEMP","account_status":"EXPIRED & LOCKED","quota":0,"privilege":"UNLIMITED TABLESPACE","cpu_usage":null,"timestamp":"2017-12-30T07:14:54.087Z","links":[{"rel":"self","href":"http://localhost:8080/ords/mic/users/87"}]},{"user_id":62,"name":"XDB","default_tablespace":"SYSAUX","temporary_tablespace":"TEMP","account_status":"EXPIRED & LOCKED","quota":0,"privilege":"ALTER SESSION","cpu_usage":null,"timestamp":"2017-12-30T07:14:54.091Z","links":[{"rel":"self","href":"http://localhost:8080/ords/mic/users/62"}]},{"user_id":72,"name":"WMSYS","default_tablespace":"SYSAUX","temporary_tablespace":"TEMP","account_status":"EXPIRED & LOCKED","quota":0,"privilege":"EXECUTE ANY TYPE","cpu_usage":null,"timestamp":"2017-12-30T07:14:54.095Z","links":[{"rel":"self","href":"http://localhost:8080/ords/mic/users/72"}]},{"user_id":86,"name":"ORDSYS","default_tablespace":"SYSAUX","temporary_tablespace":"TEMP","account_status":"EXPIRED & LOCKED","quota":0,"privilege":"INHERIT ANY PRIVILEGES","cpu_usage":null,"timestamp":"2017-12-30T07:14:54.099Z","links":[{"rel":"self","href":"http://localhost:8080/ords/mic/users/86"}]}],"hasMore":true,"limit":25,"offset":0,"count":25,"links":[{"rel":"self","href":"http://localhost:8080/ords/mic/users/"},{"rel":"edit","href":"http://localhost:8080/ords/mic/users/"},{"rel":"describedby","href":"http://localhost:8080/ords/mic/metadata-catalog/users/"},{"rel":"first","href":"http://localhost:8080/ords/mic/users/"},{"rel":"next","href":"http://localhost:8080/ords/mic/users/?offset=25"}]}