{"items":[{"user_id":0,"name":"SYS","default_tablespace":"SYSTEM","temporary_tablespace":"TEMP","account_status":"OPEN","quota":0,"privilege":"DROP ANY ANALYTIC VIEW","cpu_usage":0,"timestamp":"2017-12-30T07:08:10.37Z","links":[{"rel":"self","href":"http://localhost:8080/ords/mic/usershistory/0,2017-12-30T07%3A08%3A10.37Z"}]},{"user_id":9,"name":"SYSTEM","default_tablespace":"SYSTEM","temporary_tablespace":"TEMP","account_status":"OPEN","quota":0,"privilege":"MANAGE ANY QUEUE","cpu_usage":1.85,"timestamp":"2017-12-30T07:08:10.406Z","links":[{"rel":"self","href":"http://localhost:8080/ords/mic/usershistory/9,2017-12-30T07%3A08%3A10.406Z"}]},{"user_id":2147483638,"name":"XS$NULL","default_tablespace":"SYSTEM","temporary_tablespace":"TEMP","account_status":"EXPIRED & LOCKED","quota":0,"privilege":"null","cpu_usage":null,"timestamp":"2017-12-30T07:08:10.412Z","links":[{"rel":"self","href":"http://localhost:8080/ords/mic/usershistory/2147483638,2017-12-30T07%3A08%3A10.412Z"}]},{"user_id":101,"name":"LBACSYS","default_tablespace":"SYSTEM","temporary_tablespace":"TEMP","account_status":"EXPIRED & LOCKED","quota":0,"privilege":"ADMINISTER DATABASE TRIGGER","cpu_usage":null,"timestamp":"2017-12-30T07:08:10.425Z","links":[{"rel":"self","href":"http://localhost:8080/ords/mic/usershistory/101,2017-12-30T07%3A08%3A10.425Z"}]},{"user_id":13,"name":"OUTLN","default_tablespace":"SYSTEM","temporary_tablespace":"TEMP","account_status":"EXPIRED & LOCKED","quota":0,"privilege":"EXECUTE ANY PROCEDURE","cpu_usage":null,"timestamp":"2017-12-30T07:08:10.43Z","links":[{"rel":"self","href":"http://localhost:8080/ords/mic/usershistory/13,2017-12-30T07%3A08%3A10.43Z"}]},{"user_id":54,"name":"DBSNMP","default_tablespace":"SYSAUX","temporary_tablespace":"TEMP","account_status":"EXPIRED & LOCKED","quota":0,"privilege":"CREATE TABLE","cpu_usage":null,"timestamp":"2017-12-30T07:08:10.436Z","links":[{"rel":"self","href":"http://localhost:8080/ords/mic/usershistory/54,2017-12-30T07%3A08%3A10.436Z"}]},{"user_id":55,"name":"APPQOSSYS","default_tablespace":"SYSAUX","temporary_tablespace":"TEMP","account_status":"EXPIRED & LOCKED","quota":0,"privilege":"ALTER SESSION","cpu_usage":null,"timestamp":"2017-12-30T07:08:10.442Z","links":[{"rel":"self","href":"http://localhost:8080/ords/mic/usershistory/55,2017-12-30T07%3A08%3A10.442Z"}]},{"user_id":35,"name":"DBSFWUSER","default_tablespace":"SYSAUX","temporary_tablespace":"TEMP","account_status":"EXPIRED & LOCKED","quota":0,"privilege":"UNLIMITED TABLESPACE","cpu_usage":null,"timestamp":"2017-12-30T07:08:10.45Z","links":[{"rel":"self","href":"http://localhost:8080/ords/mic/usershistory/35,2017-12-30T07%3A08%3A10.45Z"}]},{"user_id":60,"name":"GGSYS","default_tablespace":"SYSAUX","temporary_tablespace":"TEMP","account_status":"EXPIRED & LOCKED","quota":0,"privilege":"UNLIMITED TABLESPACE","cpu_usage":null,"timestamp":"2017-12-30T07:08:10.456Z","links":[{"rel":"self","href":"http://localhost:8080/ords/mic/usershistory/60,2017-12-30T07%3A08%3A10.456Z"}]},{"user_id":63,"name":"ANONYMOUS","default_tablespace":"SYSAUX","temporary_tablespace":"TEMP","account_status":"OPEN","quota":0,"privilege":"CREATE SESSION","cpu_usage":null,"timestamp":"2017-12-30T07:08:10.462Z","links":[{"rel":"self","href":"http://localhost:8080/ords/mic/usershistory/63,2017-12-30T07%3A08%3A10.462Z"}]},{"user_id":108,"name":"FLOWS_FILES","default_tablespace":"SYSAUX","temporary_tablespace":"TEMP","account_status":"OPEN","quota":0,"privilege":"CREATE SYNONYM","cpu_usage":null,"timestamp":"2017-12-30T07:08:10.468Z","links":[{"rel":"self","href":"http://localhost:8080/ords/mic/usershistory/108,2017-12-30T07%3A08%3A10.468Z"}]},{"user_id":84,"name":"CTXSYS","default_tablespace":"SYSAUX","temporary_tablespace":"TEMP","account_status":"EXPIRED & LOCKED","quota":0,"privilege":"CREATE JOB","cpu_usage":null,"timestamp":"2017-12-30T07:08:10.515Z","links":[{"rel":"self","href":"http://localhost:8080/ords/mic/usershistory/84,2017-12-30T07%3A08%3A10.515Z"}]},{"user_id":117,"name":"ORDS_METADATA","default_tablespace":"SYSAUX","temporary_tablespace":"TEMP","account_status":"EXPIRED & LOCKED","quota":1572864,"privilege":"CREATE ANY TRIGGER","cpu_usage":null,"timestamp":"2017-12-30T07:08:10.521Z","links":[{"rel":"self","href":"http://localhost:8080/ords/mic/usershistory/117,2017-12-30T07%3A08%3A10.521Z"}]},{"user_id":89,"name":"SI_INFORMTN_SCHEMA","default_tablespace":"SYSAUX","temporary_tablespace":"TEMP","account_status":"EXPIRED & LOCKED","quota":0,"privilege":"UNLIMITED TABLESPACE","cpu_usage":null,"timestamp":"2017-12-30T07:08:10.527Z","links":[{"rel":"self","href":"http://localhost:8080/ords/mic/usershistory/89,2017-12-30T07%3A08%3A10.527Z"}]},{"user_id":1279990,"name":"DVSYS","default_tablespace":"SYSAUX","temporary_tablespace":"TEMP","account_status":"EXPIRED & LOCKED","quota":0,"privilege":"DROP ANY CONTEXT","cpu_usage":null,"timestamp":"2017-12-30T07:08:10.532Z","links":[{"rel":"self","href":"http://localhost:8080/ords/mic/usershistory/1279990,2017-12-30T07%3A08%3A10.532Z"}]},{"user_id":103,"name":"DVF","default_tablespace":"SYSAUX","temporary_tablespace":"TEMP","account_status":"EXPIRED & LOCKED","quota":0,"privilege":"CREATE PROCEDURE","cpu_usage":null,"timestamp":"2017-12-30T07:08:10.559Z","links":[{"rel":"self","href":"http://localhost:8080/ords/mic/usershistory/103,2017-12-30T07%3A08%3A10.559Z"}]},{"user_id":21,"name":"GSMADMIN_INTERNAL","default_tablespace":"SYSAUX","temporary_tablespace":"TEMP","account_status":"EXPIRED & LOCKED","quota":917504,"privilege":"ALTER TABLESPACE","cpu_usage":null,"timestamp":"2017-12-30T07:08:10.564Z","links":[{"rel":"self","href":"http://localhost:8080/ords/mic/usershistory/21,2017-12-30T07%3A08%3A10.564Z"}]},{"user_id":88,"name":"ORDPLUGINS","default_tablespace":"SYSAUX","temporary_tablespace":"TEMP","account_status":"EXPIRED & LOCKED","quota":0,"privilege":"INHERIT ANY PRIVILEGES","cpu_usage":null,"timestamp":"2017-12-30T07:08:10.57Z","links":[{"rel":"self","href":"http://localhost:8080/ords/mic/usershistory/88,2017-12-30T07%3A08%3A10.57Z"}]},{"user_id":110,"name":"APEX_050100","default_tablespace":"SYSAUX","temporary_tablespace":"TEMP","account_status":"OPEN","quota":0,"privilege":"CREATE ROLE","cpu_usage":null,"timestamp":"2017-12-30T07:08:10.576Z","links":[{"rel":"self","href":"http://localhost:8080/ords/mic/usershistory/110,2017-12-30T07%3A08%3A10.576Z"}]},{"user_id":90,"name":"MDSYS","default_tablespace":"SYSAUX","temporary_tablespace":"TEMP","account_status":"EXPIRED & LOCKED","quota":0,"privilege":"ADMINISTER DATABASE TRIGGER","cpu_usage":null,"timestamp":"2017-12-30T07:08:10.588Z","links":[{"rel":"self","href":"http://localhost:8080/ords/mic/usershistory/90,2017-12-30T07%3A08%3A10.588Z"}]},{"user_id":93,"name":"OLAPSYS","default_tablespace":"SYSAUX","temporary_tablespace":"TEMP","account_status":"EXPIRED & LOCKED","quota":0,"privilege":"null","cpu_usage":null,"timestamp":"2017-12-30T07:08:10.593Z","links":[{"rel":"self","href":"http://localhost:8080/ords/mic/usershistory/93,2017-12-30T07%3A08%3A10.593Z"}]},{"user_id":87,"name":"ORDDATA","default_tablespace":"SYSAUX","temporary_tablespace":"TEMP","account_status":"EXPIRED & LOCKED","quota":0,"privilege":"UNLIMITED TABLESPACE","cpu_usage":null,"timestamp":"2017-12-30T07:08:10.599Z","links":[{"rel":"self","href":"http://localhost:8080/ords/mic/usershistory/87,2017-12-30T07%3A08%3A10.599Z"}]},{"user_id":62,"name":"XDB","default_tablespace":"SYSAUX","temporary_tablespace":"TEMP","account_status":"EXPIRED & LOCKED","quota":0,"privilege":"ALTER SESSION","cpu_usage":null,"timestamp":"2017-12-30T07:08:10.605Z","links":[{"rel":"self","href":"http://localhost:8080/ords/mic/usershistory/62,2017-12-30T07%3A08%3A10.605Z"}]},{"user_id":72,"name":"WMSYS","default_tablespace":"SYSAUX","temporary_tablespace":"TEMP","account_status":"EXPIRED & LOCKED","quota":0,"privilege":"EXECUTE ANY TYPE","cpu_usage":null,"timestamp":"2017-12-30T07:08:10.62Z","links":[{"rel":"self","href":"http://localhost:8080/ords/mic/usershistory/72,2017-12-30T07%3A08%3A10.62Z"}]},{"user_id":86,"name":"ORDSYS","default_tablespace":"SYSAUX","temporary_tablespace":"TEMP","account_status":"EXPIRED & LOCKED","quota":0,"privilege":"INHERIT ANY PRIVILEGES","cpu_usage":null,"timestamp":"2017-12-30T07:08:10.626Z","links":[{"rel":"self","href":"http://localhost:8080/ords/mic/usershistory/86,2017-12-30T07%3A08%3A10.626Z"}]}],"hasMore":true,"limit":25,"offset":0,"count":25,"links":[{"rel":"self","href":"http://localhost:8080/ords/mic/usershistory/"},{"rel":"edit","href":"http://localhost:8080/ords/mic/usershistory/"},{"rel":"describedby","href":"http://localhost:8080/ords/mic/metadata-catalog/usershistory/"},{"rel":"first","href":"http://localhost:8080/ords/mic/usershistory/"},{"rel":"next","href":"http://localhost:8080/ords/mic/usershistory/?offset=25"}]}