time;hr
1507758420;66
1507758540;73
1507758660;72
1507758780;72
1507758900;71
1507759140;78
1507759260;78
1507759380;68
1507759620;73
1507759740;79
1507765800;71
1507765920;75
1507766040;66
1507766160;68
1507766280;75
1507766400;56
1507766520;81
1507766640;63
1507766760;72
1507766880;75
1507767000;64
1507767120;68
1507767240;69
1507767360;68
1507767480;74
1507767600;69
1507767720;66
1507767840;69
1507767960;68
1507768080;74
1507768200;72
1507768320;67
1507768440;72
1507768560;67
1507768680;68
1507768800;64
1507768920;61
1507769040;69
1507769160;68
1507769280;87
1507769760;68
1507769880;66
1507770000;64
1507770120;65
1507770240;51
1507770360;66
1507770480;66
1507770600;53
1507770960;78
1507771080;75
1507771200;79
1507771320;72
1507771440;71
1507771560;68
1507771680;69
1507771920;68
1507772040;67
1507772160;66
1507772400;67
1507772520;68
1507772640;63
1507772760;69
1507772880;68
1507773000;69
1507773240;66
1507773360;89
1507773480;54
1507773600;62
1507773840;69
1507773960;68
1507774080;67
1507774200;69
1507774320;71
1507774440;91
1507774560;76
1507774680;67
1507774800;92
1507774920;63
1507775040;72
1507775160;69
1507775280;73
1507775400;88
1507775640;74
1507775880;75
1507776000;65
1507776120;67
1507776240;72
1507776360;62
1507776480;67
1507776600;68
1507776840;65
1507776960;63
1507777080;68
1507777200;61
1507777320;58
1507777440;79
1507777560;64
1507777680;61
1507777800;62
1507777920;61
1507778040;65
1507778160;69
1507778280;65
1507778400;71
1507778520;63
1507778640;64
1507778760;49
1507778880;61
1507779000;61
1507779120;63
1507779240;66
1507779360;66
1507779480;69
1507779600;73
1507779720;54
1507779840;65
1507779960;66
1507780080;56
1507780200;58
1507780440;67
1507780680;62
1507780920;75
1507781040;68
1507781160;66
1507781280;72
1507781520;66
1507781880;62
1507782000;59
1507782120;92
1507782480;63
1507782600;75
1507782720;53
1507782840;68
1507782960;68
1507783200;63
1507783320;66
1507783440;47
1507783560;69
1507783800;68
1507784040;45
1507784160;73
1507784280;57
1507784400;68
1507784520;73
1507784640;56
1507784880;56
1507785000;56
1507785120;55
1507785240;56
1507785360;54
1507785480;52
1507785600;53
1507785720;57
1507785840;52
1507785960;49
1507786080;51
1507786200;56
1507786320;48
1507786440;46
1507786560;51
1507786680;58
1507786800;57
1507786920;45
1507787040;57
1507787160;48
1507787400;44
1507787520;54
1507787760;57
1507787880;52
1507788000;75
1507788120;61
1507788240;46
1507788360;62
1507788480;69
1507788600;58
1507788720;62
1507788840;47
1507788960;54
1507789080;55
1507789200;51
1507789320;52
1507789440;53
1507789560;55
1507789800;56
1507789920;53
1507790160;67
1507791300;66
1507791420;72
1507791540;58
1507791660;56
1507791780;44
1507791900;63
1507792020;64
1507792140;69
1507792260;99
1507835280;72
1507835400;68
1507835520;61
1507835640;55
1507835760;89
1507848660;67
1507848900;56
1507849020;63
1507849140;51
1507849260;54
1507849500;68
1507849620;55
1507849740;52
1507853220;69
1507853340;52
1507853460;56
1507853580;54
1507853700;53
1507853820;72
1507853940;54
1507854060;63
1507854180;67
1507854300;54
1507854420;52
1507854540;57
1507854660;54
1507854780;56
1507854900;57
1507855020;52
1507855140;53
1507855260;63
1507857240;68
1507857360;49
1507857480;61
1507857600;75
1507857720;47
1507857840;54
1507858080;57
1507858200;55
1507858320;68
1507858440;68
1507858560;48
1507858920;46
1507859040;48
1507859160;46
1507859280;51
1507859400;57
1507859520;47
1507859760;54
1507859880;52
1507860000;58
1507860120;56
1507860240;51
1507860360;52
1507860480;68
1507860600;45
1507860720;52
1507860840;44
1507860960;48
1507861080;53
1507861200;47
1507861320;47
1507861440;47
1507861560;46
1507861680;49
1507861920;52
1507862040;56
1507862160;48
1507862280;48
1507862400;48
1507862520;44
1507862640;53
1507862760;59
1507862880;47
1507863000;48
1507863240;48
1507863360;63
1507863480;63
1507863600;41
1507863720;54
1507863840;68
1507863960;68
1507864080;54
1507864440;42
1507864560;46
1507864680;44
1507864800;75
1507864920;54
1507865040;43
1507865160;73
1507865280;43
1507865400;42
1507865520;56
1507865640;53
1507865760;45
1507865880;51
1507866120;57
1507866360;56
1507866480;45
1507866600;42
1507866720;46
1507866840;43
1507866960;44
1507867080;47
1507867200;46
1507867320;46
1507867440;45
1507867560;44
1507867680;46
1507867800;46
1507867920;44
1507868040;66
1507868160;41
1507868280;46
1507868400;44
1507868520;46
1507868640;44
1507868760;43
1507868880;81
1507869000;47
1507869120;45
1507869840;71
1507870080;47
1507870200;78
1507870320;66
1507870440;47
1507870560;49
1507870800;46
1507870920;54
1507871040;67
1507871160;87
1507871400;43
1507871520;45
1507871640;45
1507871760;46
1507871880;52
1507872000;63
1507872120;51
1507872240;43
1507872360;54
1507872480;52
1507872600;53
1507872720;81
1507872840;45
1507879095;84
1507879373;103
1507920900;57
1507921020;73
1507921140;73
1507921260;65
1507921500;66
1507921620;68
1507943700;83
1507943820;62
1507943940;72
1507944060;82
1507944180;57
1507950540;57
1507950660;62
1507950780;65
1507950900;58
1507951020;63
1507951140;63
1507951380;65
1507951620;57
1507951860;51
1507951980;56
1507952100;44
1507952220;51
1507952340;56
1507958340;57
1507958460;44
1507958580;56
1507958700;43
1507958820;84
1507958940;47
1507959060;46
1507959180;76
1507959300;45
1507959420;68
1507959540;49
1507959660;54
1507959780;44
1507959900;46
1507960020;71
1507960140;65
1507960260;68
1507960380;56
1507960500;49
1507960620;51
1507960860;55
1507960980;58
1507961100;58
1507961220;57
1507961340;54
1507961460;53
1507961700;49
1507961820;45
1507962060;57
1507962180;48
1507962300;55
1507962540;51
1507962660;54
1507962780;48
1507962900;54
1507963020;47
1507963140;57
1507964220;63
1507964340;47
1507964460;44
1507964580;49
1507964820;49
1507965060;55
1507965180;52
1507965300;57
1507965420;52
1507965540;48
1507965660;55
1507965780;56
1507965900;49
1507966020;54
1507966140;61
1507966260;52
1507966500;83
1507966620;65
1507966740;69
1507966860;48
1507966980;78
1507967100;58
1507967340;46
1507967460;67
1507967580;49
1507967700;67
1507967820;56
1507969500;73
1507969620;59
1507969740;65
1507969860;45
1507969980;49
1507970100;57
1507970220;45
1507970340;67
1507970460;52
1507970580;57
1507970700;54
1507970820;56
1507970940;56
1507971060;57
1507971180;61
1507971300;49
1507971420;51
1507971540;51
1507971660;52
1507971900;57
1507972260;65
1507972380;53
1507972500;53
1507972740;55
1507972860;46
1507972980;51
1507973220;55
1507973340;72
1507973460;55
1507973580;68
1507973700;65
1507973940;58
1507974060;53
1507974180;65
1507974300;75
1507974420;72
1507974540;61
1507974660;72
1507974780;62
1507974900;72
1507993920;66
1507994040;69
1507994160;64
1507994280;68
1507994400;75
1507994520;68
1507994760;79
1507994880;67
1507995000;62
1507995120;64
1507995240;66
1507995360;59
1507995600;68
1507995840;75
1507995960;65
1507996080;72
1507996200;55
1507996320;48
1507996440;83
1507996560;66
1507996680;74
1507996800;68
1507997160;65
1507997280;71
1507997400;62
1507997520;63
1507997640;72
1507997760;72
1507997880;62
1507998000;56
1507998120;68
1507998240;71
1507998360;77
1507998480;64
1507998600;71
1507998720;69
1507998840;67
1507998960;58
1507999080;65
1507999200;82
1507999320;73
1507999440;56
1507999560;73
1507999680;122
1508017140;73
1508017260;79
1508017380;81
1508017500;75
1508017620;78
1508017860;65
1508020680;78
1508020800;77
1508020920;77
1508021040;78
1508021160;82
1508021280;89
1508021400;76
1508021520;81
1508021640;74
1508025480;95
1508025600;58
1508025720;58
1508025840;64
1508025960;56
1508026080;56
1508026200;52
1508026320;59
1508026440;52
1508026680;69
1508032320;64
1508032560;54
1508032680;59
1508032800;55
1508032920;69
1508033040;74
1508033160;76
1508033280;68
1508033400;54
1508033520;56
1508033640;71
1508033760;79
1508033880;61
1508034000;59
1508034120;62
1508034240;56
1508035380;58
1508035500;54
1508035620;53
1508035740;49
1508035860;58
1508035980;56
1508036100;54
1508036460;54
1508036700;52
1508036820;56
1508037060;75
1508042040;52
1508042160;58
1508042280;48
1508042400;62
1508042520;56
1508042640;58
1508042760;57
1508042880;58
1508043000;57
1508043120;42
1508043240;54
1508043360;48
1508043480;51
1508043600;54
1508043720;57
1508043840;53
1508043960;54
1508044080;54
1508044200;54
1508044320;56
1508044440;57
1508044560;51
1508044680;54
1508044800;56
1508044920;46
1508045040;43
1508045160;62
1508045280;64
1508045400;52
1508045520;53
1508045640;61
1508045880;47
1508046000;57
1508046120;66
1508046240;83
1508046360;53
1508046480;48
1508046600;52
1508046720;46
1508046840;65
1508047080;62
1508047200;59
1508047440;106
1508047560;58
1508047680;65
1508047800;58
1508047920;69
1508048160;52
1508048280;53
1508048400;62
1508048520;56
1508048640;58
1508048760;67
1508048880;57
1508049000;71
1508049120;61
1508049240;61
1508049360;63
1508049480;58
1508049600;58
1508049720;65
1508049840;56
1508050080;59
1508050320;46
1508050440;56
1508050560;62
1508050680;67
1508050800;52
1508050920;52
1508051040;67
1508051160;47
1508051280;47
1508051400;46
1508051520;58
1508051640;53
1508051760;44
1508051880;48
1508052000;67
1508052120;57
1508052240;64
1508052480;64
1508052600;68
1508052840;67
1508052960;65
1508053080;62
1508053200;95
1508053320;69
1508053440;87
1508053560;73
1508110140;62
1508110380;65
1508110500;62
1508110620;61
1508110740;55
1508110980;71
1508111100;68
1508111220;69
1508114100;61
1508114220;58
1508114340;61
1508114460;57
1508114580;57
1508114700;63
1508114820;61
1508114940;61
1508115060;65
1508115180;56
1508115300;74
1508115420;59
1508115540;81
1508115660;56
1508115780;72
1508115900;82
1508116020;51
1508116140;66
1508116260;67
1508116380;68
1508116500;54
1508116620;61
1508116740;55
1508116860;73
1508116980;66
1508117100;57
1508117220;68
1508117460;62
1508117580;71
1508117700;62
1508117820;57
1508117940;52
1508118060;56
1508118180;59
1508118300;58
1508118420;63
1508118540;64
1508118660;58
1508118780;57
1508118900;67
1508119140;52
1508119260;48
1508119380;56
1508119500;58
1508119620;52
1508119740;46
1508120100;49
1508120220;51
1508120460;46
1508120580;51
1508120700;51
1508120820;49
1508120940;52
1508121180;44
1508121300;54
1508121420;56
1508121540;49
1508121660;57
1508121780;48
1508122140;52
1508122260;53
1508122380;65
1508122620;52
1508122740;52
1508122860;55
1508122980;71
1508123100;96
1508123220;63
1508123340;56
1508123460;65
1508123700;66
1508123820;62
1508124060;58
1508124180;63
1508124300;46
1508124420;49
1508124540;78
1508124660;67
1508124900;56
1508125020;53
1508125380;56
1508125620;62
1508125740;53
1508125860;44
1508125980;57
1508126100;51
1508126220;54
1508126460;52
1508126580;41
1508126700;58
1508126820;58
1508126940;55
1508127060;73
1508127180;58
1508127300;61
1508127420;55
1508127540;52
1508127660;49
1508128020;48
1508128140;51
1508128260;44
1508128380;51
1508128500;56
1508128620;55
1508128860;55
1508128980;73
1508129100;51
1508129220;86
1508129460;52
1508129580;51
1508129700;62
1508129820;67
1508129940;51
1508130060;63
1508130180;62
1508130420;47
1508130660;55
1508130780;63
1508130900;52
1508131020;68
1508131140;42
1508131260;44
1508131380;75
1508131500;62
1508132340;76
1508132460;69
1508166900;61
1508167020;58
1508167140;68
1508167260;69
1508167380;75
1508167500;53
1508167620;51
1508167740;57
1508167860;61
1508167980;91
1508168100;54
1508168220;83
1508168340;87
1508168460;75
1508168580;72
1508168700;66
1508168820;67
1508168940;72
1508169060;77
1508169180;63
1508169300;63
1508169420;73
1508169540;71
1508169660;67
1508169780;75
1508169900;66
1508170020;63
1508170140;74
1508170260;65
1508170500;71
1508170620;67
1508170740;68
1508194860;63
1508194980;68
1508195100;61
1508195220;93
1508195340;65
1508195460;63
1508195580;61
1508195700;63
1508195820;62
1508195940;64
1508196060;57
1508196180;62
1508196300;67
1508196420;66
1508196540;67
1508196660;69
1508196900;68
1508197260;71
1508197380;65
1508197500;86
1508197620;75
1508197740;54
1508197860;63
1508198100;51
1508198220;77
1508198340;57
1508198460;54
1508198820;59
1508198940;63
1508199060;57
1508199180;61
1508199300;56
1508199420;63
1508199540;57
1508199660;53
1508199780;56
1508199900;57
1508200020;65
1508200140;64
1508200260;65
1508200380;55
1508200500;66
1508200740;61
1508200860;52
1508200980;62
1508201100;55
1508201220;62
1508201340;49
1508201460;61
1508201580;57
1508201700;57
1508201820;55
1508201940;56
1508202060;53
1508202180;49
1508202300;57
1508202420;62
1508202540;48
1508202660;61
1508203020;62
1508203140;68
1508203260;48
1508203860;57
1508204340;61
1508204580;62
1508204820;63
1508204940;68
1508205060;58
1508205180;63
1508205300;65
1508205420;42
1508205540;49
1508205660;51
1508205780;48
1508205900;56
1508206020;45
1508206140;47
1508206260;45
1508206380;56
1508206500;49
1508206620;53
1508206740;69
1508206860;47
1508206980;64
1508207100;46
1508207220;47
1508207340;46
1508207460;38
1508207580;47
1508207700;49
1508207820;54
1508207940;51
1508208060;52
1508208180;54
1508208420;54
1508208540;52
1508208660;46
1508208780;58
1508208900;56
1508209020;63
1508209140;77
1508209260;54
1508209500;74
1508372280;53
1508372400;44
1508372520;48
1508372640;52
1508372760;45
1508372880;52
1508373000;49
1508373120;49
1508373240;51
1508373360;54
1508373480;48
1508373720;52
1508373840;46
1508373960;49
1508374080;51
1508374200;51
1508374320;52
1508374440;42
1508374800;55
1508374920;51
1508375040;51
1508375160;64
1508375280;66
1508375400;65
1508375520;59
1508375640;45
1508375760;46
1508375880;47
1508376000;48
1508376120;52
1508376240;43
1508376360;51
1508376600;48
1508376720;47
1508376840;49
1508376960;47
1508377080;49
1508377200;48
1508377320;51
1508377440;51
1508377560;53
1508377680;45
1508377800;59
1508378160;47
1508378280;49
1508378400;46
1508378520;61
1508378640;45
1508378760;47
1508378880;45
1508379000;44
1508379120;46
1508379240;48
1508379360;49
1508379480;41
1508379600;69
1508379720;43
1508379840;45
1508379960;47
1508380080;59
1508380200;42
1508380440;56
1508380680;59
1508380800;46
1508380920;73
1508381040;51
1508381160;72
1508381280;63
1508381400;66
1508381520;53
1508381640;61
1508381760;57
1508381880;48
1508382000;48
1508382120;45
1508382240;58
1508382360;44
1508382480;47
1508382600;47
1508382720;44
1508382840;55
1508382960;48
1508383200;46
1508383320;47
1508383440;51
1508383560;56
1508383680;45
1508383800;53
1508383920;51
1508384040;47
1508384160;43
1508384280;46
1508384400;47
1508384520;67
1508384640;44
1508384880;45
1508385000;43
1508385240;59
1508385480;85
1508385600;54
1508385840;52
1508387400;58
1508387640;47
1508387760;48
1508387880;53
1508388000;46
1508388120;47
1508388240;56
1508388360;52
1508388480;65
1508388600;56
1508388720;44
1508388840;51
1508388960;56
1508389080;45
1508389200;51
1508389320;52
1508389440;49
1508389560;67
1508389680;47
1508389800;75
1508389920;57
1508390160;52
1508390280;52
1508390520;54
1508390640;56
1508390760;69
1508390880;45
1508391000;47
1508391120;46
1508391240;47
1508391360;46
1508391480;46
1508391600;43
1508391720;41
1508391840;46
1508391960;49
1508392080;48
1508392200;53
1508392560;53
1508392680;55
1508392800;51
1508392920;61
1508393040;47
1508393400;51
1508393520;45
1508393640;54
1508393760;46
1508393880;48
1508394000;58
1508394120;49
1508394240;59
1508394360;49
1508394600;62
1508394720;45
1508394840;64
1508394960;47
1508395080;57
1508395320;49
1508395440;63
1508395560;88
1508395680;71
1508395800;73
1508395920;89
1508396040;76
1508457000;47
1508457120;53
1508457240;54
1508457360;46
1508457720;47
1508457840;46
1508457960;45
1508458080;45
1508458200;52
1508458320;53
1508458440;48
1508458560;51
1508458680;56
1508458800;51
1508458920;57
1508459040;69
1508459160;51
1508459280;54
1508459400;67
1508459760;55
1508459880;52
1508460000;53
1508460120;51
1508460240;51
1508460360;51
1508460480;55
1508460600;52
1508460720;46
1508460840;54
1508460960;54
1508461080;51
1508461200;54
1508461320;63
1508461440;67
1508461560;74
1508461680;46
1508462280;95
1508462520;44
1508462640;45
1508462880;46
1508463240;48
1508463360;47
1508463600;48
1508463720;54
1508463840;53
1508463960;47
1508464080;48
1508464200;45
1508464320;51
1508464440;49
1508464560;47
1508464680;44
1508464800;47
1508464920;49
1508465040;49
1508465160;49
1508465280;47
1508465400;48
1508465640;48
1508465760;48
1508465880;42
1508466000;68
1508466120;45
1508466240;55
1508466360;63
1508466480;45
1508466600;64
1508466720;45
1508467200;81
1508467320;44
1508467440;68
1508467560;68
1508467680;69
1508467800;42
1508467920;54
1508468040;47
1508468160;47
1508468280;56
1508468400;43
1508468520;49
1508468640;44
1508468760;47
1508468880;52
1508469120;47
1508469240;44
1508469360;45
1508469480;42
1508469600;45
1508469720;56
1508469840;62
1508469960;44
1508470080;56
1508470200;46
1508470320;46
1508470440;46
1508470560;48
1508470680;45
1508470800;47
1508470920;46
1508471040;47
1508471160;49
1508471280;45
1508471400;48
1508471520;47
1508471640;48
1508471760;46
1508471880;55
1508472000;47
1508472120;43
1508472240;46
1508472360;49
1508472480;49
1508472720;45
1508472960;47
1508473080;48
1508473200;49
1508473440;47
1508473560;48
1508473680;75
1508473800;71
1508473920;64
1508474040;48
1508474280;41
1508474400;47
1508474520;44
1508474640;89
1508474760;47
1508474880;45
1508475000;46
1508475120;45
1508475240;46
1508475360;47
1508475480;45
1508475600;47
1508475840;52
1508475960;45
1508476080;45
1508476200;45
1508476440;68
1508476560;41
1508476680;44
1508476800;45
1508477160;59
1508477280;66
1508477400;52
1508477520;73
1508477640;45
1508477760;65
1508477880;42
1508478000;44
1508478120;45
1508478240;45
1508478360;67
1508478480;46
1508478600;49
1508478840;65
1508478960;47
1508479080;74
1508479200;55
1508479320;46
1508479440;45
1508479680;45
1508479800;52
1508479920;47
1508480040;41
1508480160;44
1508480280;49
1508480520;46
1508480760;56
1508481000;48
1508481240;52
1508481360;48
1508481480;48
1508481600;49
1508481720;72
1508481840;59
1508481960;102
1508482080;89
1508482200;84
1508527980;68
1508528100;68
1508528220;111
1508528340;95
1508551560;51
1508551680;63
1508551800;65
1508551920;64
1508552040;56
1508552160;56
1508552400;61
1508552640;64
1508552760;65
1508552880;62
1508553480;72
1508554320;81
1508554440;51
1508554560;63
1508554680;73
1508554800;73
1508555280;65
1508555400;57
1508555520;48
1508556360;51
1508556480;52
1508556720;51
1508556840;55
1508556960;61
1508557080;49
1508557200;53
1508557320;54
1508557440;46
1508557560;53
1508557680;46
1508557800;53
1508557920;82
1508558040;57
1508558160;61
1508558280;57
1508558400;56
1508558520;53
1508558640;53
1508558760;65
1508558880;52
1508559000;63
1508559120;72
1508559480;55
1508559720;58
1508559840;65
1508559960;65
1508560080;61
1508560200;61
1508560320;63
1508560560;59
1508560680;57
1508560800;58
1508560920;54
1508561040;64
1508561160;57
1508561280;63
1508561400;58
1508561520;58
1508561640;58
1508561760;62
1508561880;57
1508562000;62
1508562120;58
1508562240;61
1508562360;55
1508562480;65
1508562600;58
1508562720;68
1508562840;72
1508562960;59
1508563080;63
1508563200;55
1508563320;65
1508563440;91
1508563560;54
1508563800;47
1508563920;52
1508564040;65
1508564160;57
1508564400;58
1508564520;55
1508564760;53
1508564880;66
1508565000;65
1508565120;46
1508565240;51
1508565360;53
1508565480;67
1508565600;57
1508565720;65
1508565960;62
1508566080;66
1508566200;52
1508566320;56
1508566440;54
1508566560;56
1508566680;61
1508566800;64
1508566920;57
1508567040;55
1508567160;52
1508567400;57
1508567640;62
1508567760;64
1508568000;66
1508568120;56
1508568240;75
1508568480;56
1508568600;52
1508568720;47
1508568840;75
1508568960;56
1508569080;72
1508569200;68
1508569320;88
1508569440;58
1508569680;67
1508569920;71
1508570040;56
1508570160;56
1508570400;54
1508570520;56
1508570640;44
1508570760;51
1508570880;61
1508571000;56
1508571120;56
1508571240;81
1508571360;68
1508571480;54
1508571600;68
1508571720;48
1508571960;66
1508572080;49
1508572200;67
1508572320;64
1508572560;62
1508572680;72
1508572800;57
1508572920;67
1508573040;64
1508573160;62
1508573280;55
1508573400;47
1508573640;47
1508573760;64
1508573880;63
1508574000;61
1508574120;61
1508574240;57
1508574360;58
1508574480;61
1508574600;61
1508574720;53
1508574840;61
1508574960;56
1508575080;58
1508575200;46
1508575320;59
1508575440;59
1508575560;56
1508575680;58
1508575800;74
1508575920;69
1508576040;54
1508576160;51
1508576280;54
1508576400;59
1508576520;67
1508576640;54
1508576760;57
1508577000;71
1508577120;75
1508577240;84
1508640300;48
1508640420;68
1508640540;44
1508640660;47
1508640780;65
1508640900;49
1508641020;58
1508641260;49
1508641380;49
1508641500;52
1508641620;48
1508641860;49
1508641980;64
1508642100;48
1508642220;53
1508642340;51
1508642580;51
1508642700;52
1508642940;52
1508643060;52
1508643300;46
1508643420;49
1508643540;52
1508643660;51
1508643780;44
1508643900;49
1508644020;55
1508644140;62
1508644260;63
1508644500;62
1508644620;66
1508645460;49
1508645700;46
1508645820;47
1508645940;46
1508646060;47
1508646180;47
1508646300;48
1508646420;44
1508646540;46
1508646660;56
1508646780;46
1508646900;52
1508647020;58
1508647140;51
1508647260;54
1508647380;54
1508647500;41
1508647620;51
1508647860;49
1508647980;49
1508648100;51
1508648220;51
1508648340;52
1508648460;49
1508648580;48
1508648700;56
1508648820;49
1508648940;77
1508649060;61
1508649180;63
1508649420;61
1508649540;55
1508649660;62
1508649780;44
1508650020;47
1508650140;54
1508650260;54
1508650380;68
1508650500;51
1508650620;64
1508650740;59
1508650860;56
1508650980;71
1508651100;78
1508651220;56
1508651460;55
1508651580;46
1508651700;69
1508651820;52
1508651940;59
1508652060;46
1508652180;72
1508652300;64
1508652420;57
1508652540;47
1508652900;57
1508653020;51
1508653140;57
1508653260;56
1508653380;58
1508653620;51
1508653740;44
1508653860;52
1508653980;56
1508654100;53
1508654220;55
1508654340;56
1508654460;52
1508654580;51
1508654700;77
1508654820;48
1508654940;51
1508655060;49
1508655300;48
1508655420;48
1508655660;45
1508655780;55
1508656020;49
1508656140;54
1508656260;46
1508656380;57
1508656500;66
1508657100;61
1508657220;63
1508657580;54
1508657700;57
1508657820;57
1508657940;63
1508658060;56
1508658180;88
1508658300;62
1508658420;73
1508658540;81
1508658660;47
1508658780;63
1508658900;63
1508659020;81
1508659140;58
1508659260;47
1508659380;58
1508659500;51
1508659620;56
1508659740;65
1508659860;64
1508659980;58
1508660220;69
1508660340;61
1508660460;54
1508660580;54
1508660700;55
1508660820;52
1508660940;49
1508661060;54
1508661180;58
1508661300;55
1508661420;55
1508661540;56
1508661660;67
1508661780;61
1508661900;75
1508662020;93
1508662380;65
1508662500;72
1508662860;58
1508663100;81
1508663220;74
1508663340;84
1508663460;78
1508663580;65
1508663700;81
1508663820;74
1508664060;78
1508664180;65
1508664300;77
1508664420;78
1508664540;71
1508664660;62
1508717580;61
1508717700;58
1508717820;67
1508717940;59
1508718060;56
1508718180;75
1508718300;61
1508718420;48
1508718540;61
1508718660;65
1508718780;67
1508718900;64
1508719020;82
1508719260;67
1508719380;67
1508719500;66
1508719620;61
1508719860;63
1508719980;51
1508720100;62
1508720220;61
1508720340;52
1508720460;52
1508720580;56
1508720700;59
1508720820;51
1508720940;54
1508721180;59
1508721300;54
1508721420;57
1508721660;54
1508721780;52
1508721900;68
1508722020;58
1508722140;59
1508722260;65
1508722380;46
1508722500;61
1508722620;58
1508722740;74
1508722860;64
1508722980;62
1508723100;75
1508723220;56
1508723340;92
1508723460;66
1508723700;57
1508723820;53
1508723940;54
1508724060;59
1508724180;62
1508724300;57
1508724420;56
1508724540;58
1508724660;54
1508724780;58
1508724900;57
1508725020;51
1508725140;52
1508725260;66
1508725380;56
1508725500;56
1508725620;52
1508725860;54
1508725980;59
1508726100;59
1508726220;55
1508726340;74
1508726460;72
1508726580;52
1508726700;57
1508726820;52
1508726940;54
1508727060;63
1508727180;57
1508727300;65
1508727420;61
1508727540;54
1508727660;58
1508727780;48
1508727900;54
1508728020;48
1508728140;46
1508728260;66
1508728380;46
1508728500;67
1508728620;67
1508728740;63
1508728860;46
1508728980;68
1508729100;67
1508729220;58
1508729340;61
1508729460;61
1508729580;79
1508729700;74
1508729820;58
1508729940;56
1508730300;46
1508730420;54
1508730540;86
1508730660;52
1508730780;64
1508730900;58
1508731020;52
1508731140;67
1508731260;65
1508731380;63
1508731500;64
1508731620;51
1508731740;62
1508731860;54
1508731980;54
1508732100;64
1508732220;62
1508732340;58
1508732460;62
1508732700;62
1508732820;57
1508732940;59
1508733060;53
1508733300;77
1508733420;53
1508733540;51
1508733660;57
1508733780;51
1508733900;54
1508734020;46
1508734140;54
1508734260;53
1508734380;51
1508734500;57
1508734620;56
1508734740;75
1508734860;73
1508734980;56
1508735100;58
1508735340;62
1508735460;64
1508735580;52
1508735700;64
1508735820;48
1508736060;61
1508736180;77
1508736420;83
1508736540;89
1508736660;53
1508736780;49
1508736900;49
1508737020;44
1508737140;66
1508737260;55
1508737380;59
1508737500;58
1508737860;59
1508737980;68
1508738220;53
1508738340;64
1508738460;52
1508738580;57
1508738700;62
1508738820;58
1508739180;61
1508739300;89
1508739420;69
1508739540;67
1508739660;49
1508739900;69
1508740140;61
1508740260;54
1508740380;65
1508740500;56
1508740620;61
1508740740;65
1508740860;58
1508740980;54
1508741100;56
1508741220;52
1508741340;57
1508741460;55
1508741580;56
1508741700;55
1508741820;51
1508741940;52
1508742060;58
1508742180;54
1508742420;56
1508742540;49
1508742660;56
1508742780;62
1508742900;92
1508743020;78
1508743140;72
1508743260;77
1508781000;76
1508807160;62
1508807280;63
1508807400;64
1508807520;54
1508807640;72
1508807760;49
1508807880;54
1508808000;61
1508808120;64
1508808360;62
1508808480;65
1508808600;65
1508808720;56
1508808840;56
1508809080;46
1508809200;53
1508809320;52
1508809560;52
1508809680;47
1508810040;61
1508810160;47
1508810280;53
1508810400;46
1508810520;47
1508810640;55
1508810760;58
1508810880;52
1508811000;54
1508811120;63
1508811240;96
1508811360;46
1508811480;77
1508811600;55
1508811720;77
1508811840;68
1508811960;79
1508812080;55
1508812200;57
1508812560;53
1508812800;56
1508812920;56
1508813040;57
1508813160;56
1508813280;58
1508813400;48
1508813520;56
1508813640;49
1508813880;52
1508814000;52
1508814120;51
1508814240;52
1508814360;52
1508814480;46
1508814600;52
1508814720;56
1508814840;54
1508814960;54
1508815080;68
1508815200;52
1508815320;54
1508815440;46
1508815560;68
1508815680;71
1508815800;62
1508815920;73
1508816040;68
1508816160;92
1508816280;58
1508816400;61
1508816520;47
1508816640;49
1508816760;74
1508817000;75
1508817120;55
1508817240;64
1508817360;65
1508817480;86
1508817600;52
1508817720;56
1508817840;52
1508817960;55
1508818080;49
1508818200;54
1508818320;53
1508818440;64
1508818560;58
1508818680;44
1508818800;48
1508818920;51
1508819280;59
1508819400;51
1508819520;56
1508819640;59
1508819760;59
1508819880;58
1508820000;55
1508820120;54
1508820240;61
1508820480;54
1508820600;57
1508820720;59
1508820840;56
1508820960;57
1508821080;52
1508821200;53
1508821320;59
1508821440;55
1508821560;59
1508821680;68
1508821800;59
1508821920;71
1508822040;44
1508822160;53
1508822280;65
1508822400;56
1508822520;51
1508822880;46
1508823000;51
1508823120;45
1508823240;71
1508823360;73
1508823480;48
1508823600;59
1508823720;42
1508823840;63
1508823960;66
1508824080;56
1508824200;66
1508824320;68
1508824440;42
1508824560;69
1508824680;69
1508824800;62
1508825040;75
1508825160;77
1508825280;54
1508825520;56
1508825640;75
1508825760;56
1508826000;52
1508826120;61
1508826240;49
1508826360;53
1508826480;55
1508826600;55
1508826720;48
1508826840;78
1508826960;51
1508827080;55
1508827200;54
1508827320;56
1508827440;61
1508827560;47
1508827800;47
1508827920;54
1508828040;72
1508828160;49
1508828280;56
1508828400;78
1508828520;54
1508888820;58
1508888940;64
1508889180;61
1508889300;67
1508889420;59
1508889540;55
1508889660;51
1508889780;62
1508889900;68
1508890020;62
1508890260;62
1508890380;58
1508890620;57
1508890740;56
1508890860;56
1508890980;52
1508891100;51
1508891220;46
1508891340;51
1508891460;54
1508891700;51
1508891820;51
1508891940;51
1508892060;51
1508892180;46
1508892300;54
1508892420;54
1508892540;53
1508892660;46
1508892780;73
1508892900;62
1508893020;63
1508893140;54
1508893260;51
1508893380;52
1508893500;64
1508893620;59
1508893740;54
1508893860;62
1508893980;58
1508894100;58
1508894340;55
1508894460;55
1508894580;55
1508894700;54
1508894820;52
1508894940;57
1508895060;64
1508895180;57
1508895300;56
1508895420;62
1508895540;55
1508895660;54
1508895780;58
1508895900;54
1508896020;52
1508896140;54
1508896260;51
1508896500;52
1508896620;57
1508896740;54
1508896860;59
1508896980;61
1508897100;88
1508897220;53
1508897340;56
1508897460;52
1508897580;51
1508897700;56
1508897820;47
1508897940;52
1508898060;53
1508898180;51
1508898300;56
1508898420;52
1508898540;48
1508898660;75
1508898780;59
1508898900;51
1508899020;61
1508899140;59
1508899260;61
1508899380;57
1508899500;62
1508899620;58
1508899860;44
1508899980;47
1508900100;59
1508900220;49
1508900340;46
1508900580;54
1508900700;48
1508900820;46
1508900940;54
1508901060;54
1508901180;54
1508901300;52
1508901540;48
1508901660;55
1508901780;49
1508902140;52
1508902260;54
1508902380;52
1508902500;52
1508902620;47
1508902740;51
1508902860;51
1508902980;51
1508903100;56
1508903220;54
1508903340;52
1508903460;52
1508903580;53
1508903700;52
1508903820;51
1508903940;52
1508904060;48
1508904180;51
1508904300;47
1508904420;53
1508904540;78
1508904660;54
1508904780;51
1508908860;69
1508908980;62
1508909100;59
1508909220;63
1508909340;61
1508909460;51
1508909580;61
1508909940;56
1508910060;66
1508910300;59
1508910420;58
1508910540;49
1508910660;49
1508910780;46
1508910900;45
1508911020;56
1508911260;54
1508911380;42
1508911500;48
1508911620;49
1508911740;53
1508911860;52
1508911980;46
1508912100;44
1508912220;41
1508912340;65
1508912460;48
1508912580;55
1508912700;52
1508912820;46
1508912940;46
1508913060;45
1508913180;65
1508913300;56
1508913420;65
1508913540;79
1508913780;74
1508963580;75
1508963820;72
1508963940;63
1508964060;65
1508964180;74
1508964300;58
1508964420;69
1508964540;63
1508964660;68
1508964780;72
1508964900;91
1508965020;86
1508965140;81
1508965260;75
1508973000;59
1508973120;56
1508973240;64
1508973360;56
1508973480;58
1508973600;48
1508973720;48
1508973840;53
1508974200;53
1508974320;53
1508974440;51
1508974560;52
1508974680;56
1508974800;48
1508974920;52
1508975040;56
1508975160;51
1508975280;56
1508975400;54
1508975640;52
1508975760;86
1508975880;54
1508976120;51
1508976240;55
1508976360;53
1508976480;56
1508976600;56
1508976720;53
1508976840;56
1508976960;49
1508977080;54
1508977200;54
1508977320;58
1508977440;57
1508977680;64
1508977800;84
1508977920;66
1508978280;48
1508978400;46
1508978520;53
1508978640;56
1508978760;55
1508978880;56
1508979000;54
1508979120;44
1508979240;56
1508979360;56
1508979480;58
1508979600;54
1508979840;56
1508979960;58
1508980080;54
1508980200;54
1508980320;54
1508980440;53
1508980560;52
1508980680;55
1508980800;52
1508980920;79
1508981040;62
1508981160;49
1508981280;56
1508981400;62
1508981640;46
1508981760;62
1508981880;52
1508982000;51
1508982120;52
1508982240;58
1508982480;48
1508982600;54
1508982720;58
1508982840;48
1508982960;69
1508983080;54
1508983200;63
1508983320;51
1508983440;51
1508983560;49
1508983680;62
1508983800;59
1508983920;46
1508984040;46
1508984160;64
1508984280;52
1508984400;58
1508984520;43
1508984640;52
1508984760;58
1508984880;48
1508985000;64
1508985120;71
1508985240;76
1508985360;64
1508985480;69
1508985600;61
1508985720;52
1508985840;51
1508985960;57
1508986080;46
1508986200;49
1508986320;48
1508986440;61
1508986560;67
1508986680;68
1508986800;65
1508986920;57
1508987040;66
1508987160;46
1508987280;48
1508987400;58
1508987520;72
1508987640;44
1508987760;62
1508987880;56
1508988120;58
1508988240;53
1508988360;51
1508988480;47
1508988720;53
1508988840;54
1508988960;55
1508989080;62
1508989200;58
1508989320;58
1508989440;56
1508989560;56
1508989680;62
1508989800;56
1508989920;55
1508990040;54
1508990160;52
1508990280;54
1508990400;53
1508990520;57
1508990760;66
1508991000;45
1508991120;53
1508991240;44
1508991360;42
1508991480;45
1508991600;44
1508991720;48
1508991840;55
1508991960;42
1508992440;54
1508992560;45
1508992680;61
1508992800;48
1508992920;52
1508993040;48
1508993160;56
1508993400;54
1508993520;52
1508993640;54
1508993760;51
1508993880;59
1508994000;54
1508994120;59
1508994240;54
1508994360;58
1508994480;56
1508994600;44
1508994720;58
1508994840;56
1508994960;48
1508995080;45
1508995200;86
1508995320;58
1508995440;54
1508995560;65
1508995680;54
1508995800;43
1508995920;49
1508996040;54
1508996160;86
1508996280;55
1508996520;76
1508996640;67
1508996880;56
1508997000;47
1508997120;59
1508997240;44
1508997360;47
1508997480;56
1508997720;56
1508997840;69
1508997960;44
1508998080;45
1508998200;56
1508998320;45
1508998440;54
1508998560;44
1508998680;57
1508998800;63
1508998920;47
1508999040;65
1508999160;56
1508999280;48
1508999520;57
1508999640;47
1508999880;53
1509000000;54
1509000120;65
1509000240;78
1509000360;68
1509000600;86
1509000720;72
1509000840;66
1509061320;55
1509061440;56
1509061680;51
1509061800;54
1509061920;52
1509062040;56
1509062160;55
1509062280;54
1509062400;58
1509062520;54
1509062640;52
1509062760;56
1509062880;58
1509063120;45
1509063240;54
1509063360;56
1509063480;58
1509063600;54
1509063720;54
1509063840;53
1509063960;62
1509064080;55
1509064200;61
1509064320;62
1509064440;54
1509064560;73
1509064680;67
1509064800;46
1509064920;52
1509065160;51
1509065280;52
1509065400;52
1509065520;53
1509065640;52
1509065760;49
1509065880;47
1509066000;44
1509066240;53
1509066360;49
1509066480;49
1509066720;53
1509066840;49
1509066960;49
1509067080;51
1509067200;46
1509067320;46
1509067440;48
1509067560;48
1509067680;52
1509067920;44
1509068040;76
1509068160;65
1509068280;51
1509068400;49
1509068520;51
1509068640;72
1509068760;46
1509068880;46
1509069000;64
1509069120;63
1509069240;71
1509069480;49
1509069600;62
1509069720;61
1509069960;51
1509070080;55
1509070200;58
1509070440;52
1509070560;68
1509070680;47
1509070800;54
1509071040;52
1509071160;52
1509071400;57
1509071520;51
1509071640;51
1509071760;62
1509072000;52
1509072120;52
1509072240;49
1509072600;51
1509072720;51
1509072840;51
1509072960;59
1509073080;55
1509073200;58
1509073320;54
1509073440;44
1509073560;78
1509073680;75
1509073800;68
1509073920;51
1509074040;68
1509074760;78
1509074880;53
1509075120;51
1509075240;54
1509075480;59
1509075600;58
1509075720;78
1509075960;63
1509076080;44
1509076200;47
1509076320;64
1509076440;81
1509076560;81
1509076680;64
1509076800;57
1509076920;73
1509077040;62
1509077160;61
1509077280;64
1509077400;53
1509077520;71
1509077640;52
1509077760;46
1509077880;65
1509078000;66
1509078120;51
1509078240;45
1509078360;58
1509078480;62
1509078720;45
1509078840;75
1509078960;47
1509079080;69
1509079200;47
1509080520;74
1509080640;48
1509080760;48
1509080880;48
1509081000;59
1509081120;48
1509081240;55
1509081360;54
1509081600;56
1509081720;52
1509081840;53
1509081960;52
1509082080;52
1509082200;52
1509082320;52
1509082440;59
1509082560;56
1509082680;57
1509082800;57
1509082920;83
1509083040;52
1509083280;81
1509083400;66
1509083520;65
1509083640;51
1509083760;62
1509083880;56
1509084120;62
1509084240;45
1509084480;52
1509084600;48
1509084720;64
1509084840;45
1509084960;48
1509085080;51
1509085200;44
1509085440;46
1509085800;48
1509085920;43
1509086040;52
1509086160;66
1509086520;102
1509086640;59
1509086760;84
1509086880;74
1509087000;78
1509123480;67
1509123720;79
1509123840;65
1509123960;75
1509124080;76
1509124200;72
1509150540;54
1509150660;48
1509150780;59
1509150900;46
1509151020;58
1509151380;56
1509151500;61
1509151740;52
1509151860;61
1509151980;55
1509152100;61
1509152220;54
1509152340;77
1509152460;51
1509152580;46
1509152700;49
1509152820;48
1509152940;46
1509153060;55
1509153300;46
1509153420;55
1509153540;53
1509153660;47
1509154260;78
1509154380;61
1509154500;56
1509154620;62
1509154740;54
1509154860;59
1509154980;56
1509155100;71
1509155220;41
1509155340;52
1509160380;46
1509160500;54
1509160620;48
1509160740;47
1509160860;52
1509160980;47
1509161100;49
1509161220;57
1509161340;56
1509161460;48
1509161700;53
1509161820;52
1509161940;48
1509162060;46
1509162180;44
1509162300;51
1509162420;59
1509162540;58
1509162660;52
1509162780;71
1509162900;54
1509163020;47
1509163140;69
1509163260;44
1509163380;54
1509163500;79
1509163620;53
1509163740;43
1509163860;58
1509163980;63
1509164100;46
1509164220;54
1509164340;63
1509164460;68
1509164580;53
1509165660;82
1509165780;59
1509165900;68
1509166020;61
1509166140;65
1509166260;52
1509166380;48
1509166500;48
1509166620;72
1509166740;56
1509166860;56
1509166980;42
1509167100;53
1509167220;46
1509167340;68
1509167460;61
1509167580;57
1509167700;55
1509167820;62
1509167940;51
1509168060;58
1509168180;61
1509168300;42
1509168420;63
1509168540;62
1509168660;48
1509168780;61
1509168900;56
1509169020;62
1509169140;62
1509169260;61
1509169380;46
1509169500;56
1509169620;74
1509169740;51
1509169860;55
1509169980;65
1509170100;61
1509170220;49
1509170340;44
1509170460;51
1509170580;66
1509170700;54
1509170820;77
1509170940;42
1509171060;56
1509171180;52
1509171300;47
1509171420;57
1509171540;63
1509171660;63
1509171780;51
1509171900;53
1509172020;43
1509172140;52
1509172260;57
1509172380;65
1509172500;54
1509172620;59
1509172740;52
1509172860;52
1509172980;62
1509173100;56
1509173220;53
1509173340;57
1509173460;62
1509173580;61
1509173700;57
1509173820;52
1509174060;53
1509174180;51
1509174300;76
1509174420;47
1509174540;49
1509174660;63
1509174780;64
1509174900;68
1509175020;97
1509175140;74
1509175260;54
1509175380;59
1509229800;68
1509229920;67
1509230040;75
1509230160;63
1509230400;62
1509230520;78
1509237780;56
1509238800;52
1509238920;65
1509239040;52
1509239160;54
1509239280;57
1509239400;54
1509239520;52
1509239640;56
1509239760;53
1509239880;52
1509240000;53
1509240120;54
1509240240;51
1509240360;54
1509240480;46
1509240600;51
1509240720;51
1509240840;49
1509241080;56
1509241200;57
1509241440;57
1509241560;58
1509241680;58
1509241800;52
1509241920;84
1509242040;49
1509242160;51
1509242400;49
1509242520;48
1509242640;48
1509242760;44
1509242880;46
1509243000;46
1509243120;76
1509243240;67
1509243480;75
1509243600;53
1509243720;54
1509243840;65
1509243960;59
1509244080;54
1509244200;56
1509244320;45
1509244440;77
1509244560;48
1509247320;67
1509247680;48
1509247800;48
1509247920;51
1509248040;45
1509248400;49
1509248520;51
1509248640;48
1509248760;47
1509248880;47
1509249000;47
1509249240;58
1509249360;48
1509249480;53
1509249600;65
1509249720;54
1509249840;77
1509250080;85
1509250200;75
1509250320;52
1509250440;52
1509250560;44
1509250800;46
1509250920;44
1509251040;45
1509251160;41
1509251280;45
1509251400;45
1509251520;53
1509251640;45
1509251760;47
1509251880;47
1509252000;38
1509252120;44
1509252240;42
1509252360;46
1509252480;44
1509252600;45
1509252840;43
1509252960;46
1509253080;47
1509253200;46
1509253320;45
1509253440;45
1509253560;48
1509253920;58
1509254040;55
1509254160;67
1509254280;51
1509254400;48
1509254520;68
1509254640;71
1509254880;54
1509255000;81
1509258900;44
1509259020;49
1509259140;56
1509259260;48
1509259380;54
1509259500;46
1509259620;48
1509259740;47
1509259860;57
1509259980;46
1509260100;52
1509260220;51
1509260340;75
1509260460;53
1509260580;61
1509260700;48
1509260820;52
1509261180;47
1509261300;47
1509261420;48
1509261540;45
1509261780;52
1509261900;51
1509262020;52
1509262260;55
1509262380;53
1509262500;51
1509262620;44
1509262740;46
1509262860;56
1509262980;48
1509263220;56
1509263340;55
1509263460;68
1509263580;48
1509263700;61
1509263820;65
1509263940;82
1509264060;71
1509267600;75
1509267720;65
1509267840;72
1509268080;67
1509268200;68
1509268320;58
1509268440;62
1509268560;69
1509268680;71
1509314280;51
1509314400;62
1509314520;56
1509314640;54
1509314760;59
1509314880;63
1509315120;52
1509315240;49
1509315360;52
1509315480;54
1509315720;62
1509315840;71
1509315960;63
1509316080;51
1509316200;54
1509316320;52
1509316440;58
1509316560;51
1509316680;49
1509316800;51
1509316920;52
1509317160;54
1509317280;63
1509317400;72
1509317520;52
1509317640;93
1509319200;55
1509319320;53
1509319440;51
1509319560;52
1509319680;51
1509319800;51
1509319920;52
1509320160;51
1509320280;49
1509320400;51
1509320520;51
1509320640;52
1509320760;48
1509321000;52
1509321120;51
1509321240;49
1509321360;51
1509321480;52
1509321600;56
1509321720;75
1509321840;46
1509321960;44
1509322080;59
1509322200;67
1509322320;57
1509322440;51
1509322560;52
1509322680;52
1509322800;81
1509322920;52
1509323040;54
1509323160;74
1509323280;45
1509323400;44
1509323520;44
1509323640;42
1509323760;44
1509323880;44
1509324000;45
1509324120;44
1509324240;49
1509324360;52
1509324480;42
1509324600;45
1509324720;46
1509324840;44
1509324960;45
1509325080;45
1509325200;48
1509325320;45
1509325440;43
1509325560;47
1509325680;46
1509325800;46
1509325920;45
1509326040;44
1509326160;69
1509326280;47
1509326400;51
1509326520;54
1509326640;47
1509326760;47
1509326880;46
1509327120;59
1509327240;54
1509327360;51
1509327480;71
1509327600;65
1509327720;49
1509327840;45
1509328200;53
1509328440;61
1509328560;54
1509328680;68
1509328920;46
1509329040;49
1509329160;48
1509329280;47
1509329400;45
1509329520;45
1509329640;46
1509329760;45
1509329880;47
1509330000;46
1509330120;45
1509330240;48
1509330360;57
1509330480;47
1509330720;48
1509330840;51
1509330960;54
1509331080;46
1509331200;45
1509331320;54
1509331440;44
1509331560;47
1509331680;73
1509331800;47
1509331920;57
1509332040;49
1509332160;59
1509332280;55
1509332400;67
1509332520;44
1509332640;45
1509332760;47
1509333000;54
1509333120;55
1509333240;46
1509333480;54
1509333600;45
1509333720;54
1509333840;56
1509333960;48
1509334200;49
1509334320;49
1509334560;88
1509334680;42
1509334800;53
1509334920;46
1509335160;45
1509335280;75
1509335400;54
1509335520;52
1509335640;51
1509335760;46
1509335880;42
1509336000;59
1509336120;59
1509336240;51
1509336360;47
1509336600;51
1509336720;52
1509336840;52
1509336960;51
1509337080;57
1509337200;52
1509337440;51
1509337560;41
1509337680;45
1509337800;42
1509337920;44
1509338040;43
1509338160;44
1509338280;44
1509338400;44
1509338520;44
1509338640;44
1509338760;42
1509338880;49
1509339120;41
1509339240;49
1509339360;39
1509339600;45
1509339720;41
1509339840;68
1509339960;59
1509340080;59
1509340200;66
1509340320;68
1509340440;69
1509340680;46
1509341040;54
1509341160;47
1509341280;56
1509341400;49
1509341520;54
1509341640;45
1509341760;61
1509344400;51
1509344520;46
1509344760;51
1509344880;53
1509345000;52
1509345120;56
1509345240;53
1509345360;48
1509345480;46
1509345600;47
1509345720;53
1509345840;45
1509345960;49
1509346080;51
1509346440;59
1509346560;48
1509346680;52
1509346800;57
1509346920;56
1509347040;52
1509347160;56
1509347280;58
1509347400;64
1509347640;57
1509347760;68
1509347880;58
1509389040;71
1509389160;77
1509389280;75
1509389400;68
1509389520;78
1509389640;68
1509389760;68
1509389880;68
1509390000;63
1509390120;75
1509390240;75
1509390360;78
1509390480;67
1509390600;63
1509390720;65
1509390840;61
1509390960;66
1509391080;63
1509391200;67
1509396454;84
1509410160;52
1509410280;51
1509410400;47
1509410520;52
1509410640;52
1509410760;47
1509411000;48
1509411120;47
1509411360;73
1509411480;48
1509411600;79
1509411840;45
1509411960;54
1509412080;46
1509412200;53
1509412560;48
1509412680;52
1509412800;48
1509412920;44
1509413040;79
1509413160;51
1509413520;47
1509413640;44
1509413760;55
1509413880;57
1509414000;64
1509414120;77
1509414240;64
1509414360;56
1509414480;54
1509414600;58
1509414840;52
1509414960;61
1509415080;49
1509415200;61
1509415320;46
1509415440;52
1509415560;53
1509415680;48
1509415800;53
1509415920;51
1509416040;51
1509416160;46
1509416400;49
1509416520;47
1509416760;63
1509416880;71
1509417120;53
1509417240;44
1509417360;52
1509417480;46
1509417600;46
1509417720;45
1509418080;47
1509418200;49
1509418320;44
1509418440;56
1509418560;49
1509418680;44
1509418920;44
1509419040;42
1509419160;49
1509419280;65
1509419400;59
1509419520;79
1509419640;63
1509419760;63
1509419880;55
1509420000;57
1509420120;69
1509420240;51
1509420360;62
1509420480;48
1509420600;53
1509420720;65
1509420840;55
1509420960;53
1509421080;71
1509421200;56
1509421320;47
1509421440;49
1509421560;59
1509421680;52
1509421800;53
1509421920;45
1509422040;73
1509422160;43
1509422280;47
1509422400;51
1509422520;47
1509422640;49
1509422880;48
1509423000;58
1509423120;51
1509423240;49
1509423360;49
1509423480;52
1509423600;46
1509423840;51
1509423960;42
1509424080;44
1509424320;71
1509424440;55
1509424560;66
1509424680;64
1509424800;79
1509424920;53
1509425040;83
1509425160;58
1509425280;53
1509429300;59
1509429420;47
1509429540;52
1509429660;51
1509429780;47
1509429900;68
1509430020;45
1509430140;53
1509430260;56
1509430500;46
1509430620;61
1509430740;45
1509430860;54
1509430980;45
1509431100;53
1509431220;51
1509431340;52
1509431460;49
1509431580;47
1509431700;51
1509431820;49
1509431940;53
1509432060;64
1509432420;51
1509432660;73
1509432780;72
1509432900;41
1509433020;55
1509433140;45
1509433260;75
1509433380;73
1509433500;61
1509433620;44
1509433740;42
1509433860;43
1509433980;48
1509434220;54
1509434340;44
1509434580;56
1509434700;56
1509434820;65
1509434940;78
1509435060;73
1509495840;47
1509495960;54
1509496080;58
1509496200;59
1509496320;61
1509496440;54
1509496560;61
1509496800;52
1509496920;51
1509497040;54
1509497160;62
1509497280;52
1509497400;59
1509497520;53
1509497640;52
1509497760;55
1509497880;56
1509498000;55
1509498120;53
1509498240;62
1509498360;56
1509498480;58
1509498600;54
1509498720;55
1509498840;57
1509498960;52
1509499080;69
1509499560;65
1509499800;63
1509499920;45
1509500040;51
1509500160;48
1509500280;51
1509500400;48
1509500640;55
1509500760;51
1509500880;68
1509501000;54
1509501120;54
1509501240;56
1509501360;58
1509501600;53
1509501720;48
1509501840;65
1509501960;55
1509502080;65
1509502200;56
1509502320;54
1509502440;73
1509502560;62
1509502680;47
1509502800;63
1509502920;51
1509503040;73
1509503160;44
1509503280;58
1509503400;72
1509503520;62
1509503640;56
1509503880;51
1509504000;47
1509504240;52
1509504360;61
1509504600;47
1509504720;47
1509504840;46
1509504960;55
1509505080;52
1509505200;47
1509505320;47
1509505440;45
1509505560;47
1509505680;59
1509505800;47
1509506040;54
1509506160;48
1509506280;46
1509506400;51
1509506520;45
1509506640;46
1509506760;49
1509506880;41
1509507000;49
1509507120;49
1509507240;47
1509507360;44
1509507480;56
1509507600;45
1509507720;57
1509507840;44
1509507960;69
1509508080;47
1509508200;44
1509508320;61
1509508440;67
1509508560;45
1509508680;63
1509508800;49
1509508920;47
1509509040;45
1509509160;46
1509509280;47
1509509400;46
1509509520;46
1509509640;46
1509509760;44
1509509880;44
1509510120;48
1509510240;46
1509510360;61
1509510480;54
1509510600;44
1509510720;44
1509510840;49
1509510960;53
1509511080;53
1509511200;52
1509511320;65
1509511440;62
1509511560;89
1509511680;63
1509511800;73
1509513780;45
1509513900;53
1509514020;67
1509514140;43
1509514260;45
1509514380;48
1509514500;49
1509514620;47
1509514740;44
1509514860;49
1509514980;46
1509515100;47
1509515220;45
1509515340;49
1509515460;58
1509515580;45
1509515700;53
1509515820;54
1509515940;54
1509516060;48
1509516180;45
1509516300;49
1509516420;61
1509516540;45
1509516660;48
1509516780;52
1509516900;58
1509517020;63
1509517140;52
1509517260;56
1509517380;52
1509517500;67
1509517620;61
1509517740;68
1509517860;44
1509517980;52
1509518100;53
1509518220;67
1509518340;106
1509518460;88
1509518580;71
1509518700;73
1509518940;65
1509519060;65
1509519180;74
1509519300;72
1509519420;54
1509519540;64
1509519660;96
1509519780;65
1509520020;66
1509520140;65
1509520260;58
1509520380;58
1509520500;54
1509520620;74
1509520740;65
1509520860;102
1509520980;83
1509748260;44
1509748380;44
1509748500;46
1509748620;45
1509748740;47
1509748860;44
1509748980;47
1509749100;45
1509749220;44
1509749340;49
1509749580;47
1509749820;49
1509749940;47
1509750060;46
1509750180;47
1509750300;47
1509750420;46
1509750540;43
1509750660;47
1509750780;54
1509750900;76
1509751020;49
1509751380;51
1509751620;53
1509751740;45
1509752100;49
1509752220;53
1509752340;44
1509752580;46
1509752700;47
1509752820;46
1509752940;45
1509753060;48
1509753180;46
1509753300;48
1509753420;46
1509753540;46
1509753780;54
1509753900;45
1509754020;49
1509754140;44
1509754260;46
1509754380;52
1509754500;46
1509754620;62
1509754740;63
1509754860;56
1509754980;54
1509755100;44
1509755220;51
1509755340;56
1509755460;51
1509755580;53
1509755700;46
1509755820;44
1509756060;51
1509756180;51
1509756420;56
1509756540;51
1509756660;51
1509756780;52
1509756900;47
1509757020;47
1509757140;52
1509757260;49
1509757500;44
1509757620;47
1509757740;47
1509757860;44
1509757980;45
1509758100;47
1509758220;48
1509758340;43
1509758460;54
1509758580;49
1509758700;77
1509758820;44
1509758940;43
1509759180;43
1509759300;48
1509759540;44
1509759660;49
1509759780;69
1509759900;57
1509760140;54
1509760260;47
1509760380;52
1509760500;53
1509760620;63
1509760740;52
1509760860;58
1509761340;66
1509761460;44
1509761580;41
1509761700;46
1509761940;61
1509762060;47
1509762180;61
1509762300;89
1509762420;68
1509762540;65
1509762780;75
1509762900;53
1509763140;43
1509763260;44
1509763380;53
1509763620;44
1509763740;53
1509763860;46
1509763980;48
1509764100;62
1509764220;62
1509764340;61
1509764580;44
1509764700;49
1509764820;56
1509764940;64
1509765180;47
1509765300;47
1509765420;49
1509765540;56
1509765660;44
1509765780;49
1509765900;45
1509766020;54
1509766140;49
1509766260;76
1509766500;49
1509766620;46
1509766740;47
1509766860;47
1509766980;48
1509767100;48
1509767220;47
1509767340;44
1509767460;48
1509767580;47
1509767700;48
1509767820;43
1509767940;54
1509768060;58
1509768180;52
1509768300;62
1509768420;47
1509768540;79
1509768660;46
1509768780;44
1509768900;53
1509769260;52
1509769380;58
1509769500;51
1509769620;58
1509769740;47
1509769860;45
1509769980;49
1509770100;52
1509770220;69
1509770340;65
1509770460;45
1509770580;55
1509770700;52
1509770820;66
1509770940;66
1509771060;51
1509771180;48
1509771300;54
1509771420;55
1509771660;62
1509771780;53
1509771900;54
1509772020;63
1509772140;45
1509772260;49
1509772380;53
1509772500;56
1509772860;44
1509772980;51
1509773100;54
1509773220;49
1509773340;45
1509773460;75
1509773580;52
1509773700;56
1509773820;46
1509774060;56
1509774180;46
1509774300;56
1509774420;39
1509774540;44
1509774660;47
1509774780;93
1509774900;68
1509775020;63
1509775140;47
1509775260;71
1509775740;87
1509775860;52
1509775980;59
1509776100;46
1509776220;65
1509776340;59
1509776460;62
1509776580;69
1509776700;94
1509776820;46
1509776940;72
1509777060;45
1509777180;82
1509777300;53
1509777420;47
1509777540;46
1509777660;56
1509777780;54
1509777900;52
1509778020;51
1509778260;54
1509778380;52
1509778500;56
1509778620;45
1509778740;44
1509778860;51
1509779100;47
1509779340;45
1509779460;42
1509779580;42
1509779700;47
1509779820;44
1509779940;49
1509780060;46
1509780180;44
1509780300;47
1509780420;44
1509780540;49
1509780660;86
1509780780;74
1509780900;43
1509781020;61
1509781260;61
1509781380;48
1509781500;76
1509781620;103
1509781740;51
1509788100;62
1509788220;72
1509788460;96
1509788580;42
1509808140;72
1509808260;75
1509808380;72
1509808620;71
1509808740;79
1509808860;81
1509840780;53
1509840900;61
1509841020;76
1509841140;56
1509841380;58
1509841500;54
1509841620;46
1509841740;51
1509841860;49
1509841980;48
1509842100;46
1509842220;46
1509842340;47
1509842460;45
1509842580;51
1509842700;52
1509842820;52
1509842940;47
1509843060;46
1509843180;46
1509843300;48
1509843420;51
1509843540;52
1509843660;48
1509843780;48
1509843900;49
1509844020;48
1509844140;49
1509844260;47
1509844380;47
1509844500;47
1509844620;52
1509844740;54
1509844860;49
1509844980;46
1509845100;62
1509845220;49
1509845340;47
1509845580;48
1509845820;47
1509845940;45
1509846060;48
1509846180;46
1509846300;47
1509846420;46
1509846540;62
1509846660;77
1509846780;45
1509846900;42
1509847020;55
1509847140;54
1509847260;44
1509847380;77
1509847500;53
1509847620;63
1509847740;63
1509847860;52
1509848220;71
1509848340;52
1509848580;49
1509848700;47
1509848820;47
1509848940;47
1509849060;47
1509849180;59
1509849300;43
1509849420;45
1509849540;52
1509849660;48
1509849900;45
1509850020;47
1509850140;44
1509850260;43
1509850380;54
1509850620;54
1509850740;72
1509850860;54
1509850980;73
1509851100;49
1509851220;61
1509851340;43
1509851460;48
1509851580;43
1509851700;46
1509851820;46
1509851940;44
1509852060;46
1509852180;48
1509852300;47
1509852420;44
1509852540;45
1509852660;46
1509852780;48
1509852900;45
1509853020;46
1509853140;42
1509853260;66
1509853380;53
1509853500;86
1509853620;55
1509853740;46
1509853860;49
1509853980;45
1509854100;41
1509854220;44
1509854580;73
1509854820;45
1509854940;53
1509855180;58
1509855300;68
1509855420;56
1509855540;62
1509855660;68
1509855780;49
1509855900;73
1509856020;51
1509856140;42
1509856260;83
1509856380;47
1509856500;54
1509856620;44
1509856740;82
1509856860;66
1509856980;67
1509857100;48
1509857220;56
1509857340;48
1509857460;51
1509857580;48
1509857820;48
1509857940;44
1509858060;51
1509858180;57
1509858300;43
1509858420;46
1509858540;48
1509858660;47
1509858780;48
1509858900;45
1509859020;46
1509859260;46
1509859500;54
1509859620;82
1509859860;45
1509859980;43
1509860100;45
1509860220;43
1509860340;43
1509860460;41
1509860580;48
1509860700;69
1509860820;64
1509860940;49
1509861180;53
1509861300;42
1509861420;41
1509861540;45
1509861660;44
1509861780;45
1509861900;65
1509862020;47
1509862140;49
1509862260;48
1509862380;39
1509862620;55
1509862740;62
1509862860;85
1509864780;47
1509864900;47
1509865020;49
1509865140;48
1509865260;42
1509865500;42
1509865620;51
1509865740;56
1509865860;44
1509865980;45
1509866100;46
1509866220;81
1509866340;51
1509866460;71
1509866580;78
1509866700;49
1509866820;53
1509866940;44
1509867060;53
1509867180;44
1509867300;52
1509867420;48
1509867540;44
1509867660;51
1509867780;63
1509867900;64
1509868020;57
1509868140;58
1509868260;73
1509868380;56
1509868500;63
1509868620;68
1509871620;52
1509871740;73
1509871860;56
1509871980;78
1509872100;68
1509872220;82
1509872460;64
1509872580;59
1509872700;88
1509872820;71
1509872940;68
1509873060;78
1509873180;67
1509873300;73
1509873420;71
1509910864;47
1509928080;54
1509928200;63
1509928320;56
1509928560;58
1509928680;54
1509928800;63
1509928920;52
1509929040;52
1509929160;52
1509929400;58
1509929520;53
1509929640;52
1509929760;49
1509929880;52
1509930000;52
1509930240;51
1509930360;64
1509930480;58
1509930600;53
1509930720;51
1509931080;59
1509931200;63
1509931320;57
1509931560;66
1509931680;66
1509931800;52
1509931920;83
1509932040;68
1509932160;56
1509932280;54
1509932400;56
1509932520;62
1509932640;59
1509932760;58
1509932880;61
1509933120;53
1509933240;56
1509933360;55
1509933480;52
1509933600;48
1509933840;55
1509933960;63
1509934080;51
1509934200;52
1509934320;74
1509934440;48
1509934680;56
1509934800;45
1509934920;86
1509935040;68
1509935160;82
1509935400;68
1509935760;77
1509935880;67
1509936000;62
1509936120;55
1509936240;51
1509936360;81
1509936480;64
1509936600;57
1509936720;55
1509936840;53
1509936960;46
1509937080;54
1509937200;86
1509937320;57
1509937440;48
1509937560;49
1509937680;47
1509937800;42
1509937920;49
1509938040;45
1509938160;48
1509938280;52
1509938400;47
1509938520;49
1509938640;73
1509938760;44
1509938880;49
1509939000;46
1509939120;46
1509939240;49
1509939360;47
1509939480;46
1509939720;47
1509939840;52
1509939960;68
1509940080;52
1509940200;47
1509940320;48
1509940440;49
1509940560;46
1509940800;54
1509940920;67
1509941160;62
1509941280;66
1509941400;87
1509941520;51
1509941640;51
1509941760;68
1509941880;65
1509942000;66
1509942120;72
1509942240;68
1509943740;55
1509943860;45
1509943980;44
1509944100;48
1509944220;53
1509944340;51
1509944700;62
1509944820;46
1509944940;53
1509945060;63
1509945180;46
1509945300;47
1509945420;51
1509945540;48
1509945780;63
1509945900;57
1509946140;48
1509946260;55
1509946380;55
1509946620;65
1509946740;55
1509946860;45
1509946980;79
1509947100;52
1509947220;65
1509947460;68
1509947580;62
1509947700;55
1509947820;63
1509947940;59
1509948060;61
1509948180;51
1509948300;54
1509948420;51
1509948540;64
1509948660;44
1509948780;55
1509948900;72
1509949020;61
1509949140;54
1509949260;44
1509949380;47
1509949500;64
1509949620;75
1509949740;55
1509949860;54
1509949980;55
1509950100;49
1509950220;65
1509950340;53
1509950460;42
1509950580;62
1509950700;51
1509950820;54
1509950940;54
1509951060;56
1509951180;49
1509951300;52
1509951420;52
1509951540;53
1509951660;55
1509952020;58
1509952140;53
1509952260;87
1509952380;59
1509952500;77
1509952620;47
1509952740;61
1509952860;96
1509953100;77
1510013100;63
1510013220;66
1510013340;67
1510013460;67
1510013580;69
1510013700;68
1510013820;62
1510013940;64
1510014060;62
1510014180;63
1510014300;63
1510014420;63
1510014540;61
1510014660;58
1510014780;62
1510014900;64
1510015020;65
1510015260;66
1510015380;57
1510015500;63
1510015620;65
1510015740;58
1510015860;62
1510015980;54
1510016100;56
1510016220;78
1510016340;64
1510016460;56
1510016580;63
1510016820;59
1510016940;63
1510017060;58
1510017180;49
1510017300;56
1510017660;56
1510017900;58
1510018020;61
1510018140;57
1510018260;57
1510018380;63
1510018500;58
1510018620;57
1510018860;75
1510018980;65
1510019100;59
1510019220;73
1510019340;46
1510019580;57
1510019700;54
1510019820;77
1510019940;66
1510020180;82
1510020300;65
1510020420;69
1510020540;57
1510020660;63
1510020780;83
1510020900;47
1510021020;58
1510021140;61
1510021260;65
1510021380;63
1510021500;63
1510021620;58
1510021740;59
1510021860;57
1510022100;52
1510022220;58
1510022340;62
1510022580;48
1510022700;47
1510022820;48
1510022940;56
1510023060;54
1510023180;48
1510023300;49
1510023420;46
1510023540;49
1510023660;47
1510023780;49
1510023900;51
1510024140;44
1510024260;48
1510024380;54
1510024500;53
1510024620;51
1510024740;46
1510024860;65
1510024980;63
1510025100;72
1510025220;59
1510025340;51
1510025460;58
1510025580;71
1510025700;46
1510025820;56
1510025940;75
1510026060;63
1510026180;64
1510026300;64
1510026420;69
1510026540;64
1510026660;74
1510026780;54
1510027020;59
1510027260;51
1510027380;71
1510027620;49
1510027740;62
1510027860;65
1510027980;55
1510028220;53
1510028460;57
1510028580;48
1510028700;45
1510028940;61
1510029420;64
1510029540;58
1510029660;45
1510029780;57
1510029900;59
1510030020;61
1510030140;46
1510030260;52
1510030380;52
1510030500;49
1510030620;57
1510030740;48
1510030860;57
1510030980;56
1510031100;52
1510031340;67
1510031460;57
1510031700;68
1510031820;56
1510031940;61
1510032060;45
1510034040;51
1510034160;42
1510034280;52
1510034400;63
1510034640;53
1510034880;75
1510035120;58
1510035240;59
1510035360;74
1510035480;65
1510035600;62
1510035720;56
1510035960;54
1510036080;45
1510036200;61
1510036320;58
1510036440;47
1510036560;57
1510036680;44
1510036800;64
1510036920;43
1510037040;45
1510037160;58
1510037400;54
1510037520;53
1510037640;45
1510037760;49
1510037880;59
1510038000;54
1510038120;56
1510038240;54
1510038360;62
1510038480;97
1510038600;47
1510038720;67
1510038840;46
1510038960;59
1510039200;45
1510039320;61
1510039440;56
1510039560;56
1510039680;46
1510039800;57
1510039920;78
1510040040;44
1510040160;74
1510040400;57
1510040520;91
1510040640;63
1510040760;75
1510040880;71
1510097820;62
1510097940;86
1510098060;61
1510098180;53
1510098300;51
1510098540;55
1510098660;55
1510098780;53
1510098900;46
1510099020;55
1510099140;51
1510099260;54
1510099500;55
1510099620;55
1510099860;58
1510099980;51
1510100220;54
1510100340;51
1510100460;57
1510100580;67
1510100820;81
1510100940;46
1510101060;48
1510101180;45
1510101540;42
1510101660;47
1510101780;61
1510101900;47
1510102020;48
1510102140;63
1510102260;73
1510102380;68
1510102500;48
1510102740;72
1510102980;54
1510103100;82
1510103220;62
1510103340;75
1510103460;49
1510103580;57
1510103700;59
1510103820;52
1510103940;61
1510104060;51
1510104180;54
1510104300;53
1510104420;57
1510104540;58
1510104660;52
1510104780;53
1510104900;47
1510105020;46
1510105140;52
1510105380;52
1510105500;48
1510105620;49
1510105980;47
1510106100;48
1510106220;51
1510106340;76
1510106460;47
1510106580;52
1510106700;46
1510106820;57
1510106940;76
1510107060;67
1510107180;67
1510107300;68
1510107420;63
1510107540;64
1510107660;44
1510107900;78
1510108020;58
1510108140;64
1510108260;61
1510108380;63
1510108500;58
1510108620;55
1510108740;51
1510108860;54
1510109100;45
1510109220;57
1510109340;68
1510109460;67
1510109580;78
1510109700;65
1510109820;68
1510109940;65
1510110060;65
1510110180;64
1510110300;54
1510110420;56
1510110540;52
1510110660;52
1510110780;53
1510110900;54
1510111020;55
1510111140;55
1510111260;53
1510111500;56
1510111620;62
1510111740;58
1510111860;54
1510111980;52
1510112100;53
1510112220;56
1510112340;53
1510112460;54
1510112580;55
1510112700;52
1510112820;62
1510112940;61
1510113060;58
1510113180;55
1510113300;46
1510113420;76
1510113540;61
1510113660;52
1510113780;51
1510113900;49
1510114020;52
1510114140;51
1510114260;45
1510114380;47
1510114500;48
1510114620;46
1510114860;69
1510114980;55
1510115100;55
1510115340;52
1510115580;48
1510115700;52
1510116060;56
1510116180;54
1510116420;72
1510116540;56
1510116660;51
1510116900;55
1510117020;43
1510117140;44
1510117260;72
1510117380;66
1510117500;63
1510117620;65
1510117740;71
1510117860;76
1510117980;55
1510118100;67
1510118220;41
1510118340;58
1510118460;54
1510118700;46
1510118820;65
1510118940;65
1510119060;67
1510119180;48
1510119300;51
1510119420;48
1510119540;63
1510119660;56
1510119780;62
1510119900;57
1510120020;45
1510120140;49
1510120260;52
1510120380;52
1510120500;52
1510120620;67
1510120740;62
1510120860;45
1510120980;51
1510121100;53
1510121220;54
1510121340;57
1510121460;57
1510121580;53
1510121700;45
1510121820;48
1510121940;52
1510122060;64
1510122300;52
1510122420;52
1510122540;62
1510122660;44
1510122780;45
1510122900;64
1510123020;81
1510123260;47
1510123380;45
1510123620;63
1510123740;58
1510123860;47
1510123980;65
1510124100;66
1510124220;65
1510124340;63
1510124460;66
1510124580;66
1510124700;62
1510124820;56
1510125060;69
1510125180;51
1510125300;48
1510125420;67
1510125540;55
1510125660;72
1510125780;51
1510126020;53
1510126260;88
1510126380;73
1510126500;63
1510126620;82
1510126740;72
1510180740;66
1510180860;65
1510180980;61
1510181100;75
1510181220;72
1510181340;75
1510181580;69
1510181700;68
1510181820;68
1510181940;72
1510182060;75
1510182180;84
1510182300;68
1510182420;69
1510182540;72
1510182660;78
1510182780;75
1510186680;73
1510186800;66
1510186920;88
1510187040;75
1510187160;83
1510187280;74
1510187520;69
1510187640;76
1510187760;76
1510187880;77
1510188000;73
1510188240;68
1510188360;68
1510188480;65
1510188600;71
1510188720;67
1510188840;67
1510188960;69
1510189080;75
1510189320;69
1510189440;76
1510189560;75
1510189680;76
1510189800;66
1510189920;83
1510190040;65
1510190160;68
1510190280;65
1510190400;44
1510190520;67
1510190760;59
1510190880;64
1510191000;63
1510191120;69
1510191240;64
1510191360;68
1510191480;54
1510191600;67
1510191720;63
1510191840;64
1510191960;66
1510192080;67
1510192200;59
1510192320;65
1510192440;61
1510192560;68
1510192680;67
1510192800;65
1510192920;64
1510193040;75
1510193160;58
1510193280;67
1510193400;51
1510193520;67
1510193640;65
1510193760;59
1510193880;75
1510194000;71
1510194120;61
1510194240;65
1510194360;52
1510194600;85
1510194720;49
1510194840;54
1510194960;49
1510195320;49
1510195440;49
1510195560;53
1510195680;57
1510195800;55
1510195920;49
1510196040;63
1510196160;56
1510196280;53
1510196400;52
1510196520;58
1510196640;59
1510196760;69
1510196880;62
1510197000;74
1510197120;56
1510197240;71
1510197360;66
1510197480;72
1510197600;63
1510197720;75
1510197840;51
1510198080;53
1510198200;61
1510198320;67
1510198440;77
1510198680;67
1510198800;62
1510198920;65
1510199040;48
1510199160;58
1510199280;66
1510199400;68
1510199520;55
1510199640;55
1510199760;47
1510199880;55
1510200000;56
1510200120;48
1510200240;54
1510200360;48
1510200480;61
1510200600;64
1510200720;65
1510200840;56
1510200960;58
1510201080;56
1510201200;52
1510201320;56
1510201440;59
1510201680;81
1510201800;54
1510201920;54
1510202160;72
1510202280;62
1510202400;49
1510202520;66
1510202640;64
1510202760;52
1510202880;68
1510205460;76
1510205580;65
1510205700;69
1510205820;72
1510206060;46
1510206180;51
1510206300;45
1510206420;51
1510206540;54
1510206660;66
1510206780;54
1510206900;66
1510207020;59
1510207260;44
1510207380;63
1510207500;56
1510207620;44
1510207740;68
1510207860;61
1510207980;48
1510208100;53
1510208340;59
1510208460;54
1510208580;57
1510208700;63
1510208820;56
1510209060;52
1510209180;57
1510209540;54
1510209660;54
1510209780;56
1510209900;93
1510210140;65
1510210260;49
1510210620;52
1510210860;89
1510210980;58
1510211220;93
1510211340;63
1510211460;48
1510211580;56
1510211700;45
1510211820;57
1510211940;88
1510212060;47
1510212180;52
1510212300;62
1510212420;53
1510212540;54
1510212780;61
1510212900;54
1510213020;49
1510213140;47
1510213260;44
1510213620;78
1510213740;62
1510272120;75
1510272240;82
1510272360;88
1510272480;69
1510272600;62
1510272720;61
1510272840;55
1510272960;73
1510273080;62
1510273200;58
1510273320;53
1510273440;67
1510273560;55
1510273680;58
1510273800;96
1510273920;54
1510274040;64
1510274160;57
1510274400;58
1510274520;61
1510274640;47
1510274760;79
1510274880;53
1510275000;69
1510275120;53
1510275240;63
1510275360;64
1510275480;64
1510275600;57
1510275720;56
1510275840;62
1510275960;62
1510276080;49
1510276200;52
1510276320;52
1510276440;48
1510276560;63
1510276680;58
1510276800;59
1510276920;63
1510277040;52
1510277160;58
1510277280;52
1510277400;58
1510277640;57
1510277760;57
1510277880;55
1510278000;76
1510278120;53
1510278240;51
1510278360;55
1510278480;52
1510278600;49
1510278720;55
1510278840;56
1510278960;78
1510279080;55
1510279200;58
1510279440;65
1510279560;55
1510279680;52
1510279800;62
1510280040;46
1510280280;46
1510280400;56
1510280520;71
1510280640;61
1510280760;59
1510280880;72
1510281120;48
1510281240;75
1510281360;75
1510281480;65
1510281600;67
1510281720;48
1510281840;48
1510281960;59
1510282080;61
1510282200;54
1510282320;55
1510282440;63
1510282560;58
1510282680;53
1510282800;61
1510282920;54
1510283040;63
1510283160;53
1510283280;69
1510283400;61
1510283520;61
1510283760;67
1510283880;69
1510284120;56
1510284240;63
1510284360;59
1510284600;64
1510284720;61
1510284840;61
1510284960;63
1510285080;67
1510285200;63
1510285320;65
1510285440;61
1510285560;68
1510285800;62
1510285920;65
1510286040;69
1510286160;95
1510287120;55
1510287240;64
1510287480;61
1510287600;56
1510287720;59
1510287840;51
1510287960;73
1510288080;52
1510288200;48
1510288320;76
1510288440;57
1510288560;56
1510288680;75
1510288800;72
1510288920;74
1510289040;89
1510289160;49
1510289280;71
1510289400;73
1510289520;75
1510289640;68
1510289760;68
1510289880;65
1510290000;86
1510290120;71
1510290240;69
1510290360;54
1510290480;55
1510290720;67
1510290840;55
1510290960;67
1510291080;63
1510291200;68
1510291320;77
1510291440;47
1510291560;64
1510291680;46
1510291800;66
1510291920;63
1510292040;57
1510292160;63
1510292280;44
1510292400;64
1510292520;57
1510292640;51
1510292760;53
1510292880;54
1510293000;58
1510293120;56
1510293240;44
1510293360;58
1510293480;62
1510293600;61
1510293720;58
1510293840;69
1510293960;55
1510294080;48
1510294320;49
1510294440;63
1510294560;63
1510294680;76
1510294800;51
1510294920;53
1510295160;65
1510295280;47
1510295400;42
1510295640;46
1510295760;51
1510298040;46
1510298160;56
1510298280;71
1510298400;46
1510298520;55
1510298640;54
1510299000;59
1510299240;47
1510299360;56
1510299480;52
1510299600;56
1510299720;72
1510299840;88
1510300080;86
1510300200;84
1510332480;71
1510332600;73
1510332720;64
1510332840;72
1510332960;75
1510333080;62
1510333200;69
1510333320;72
1510333560;69
1510333680;76
1510333920;75
1510334040;74
1510334160;76
1510334280;75
1510334400;76
1510334520;73
1510334640;72
1510334760;93
1510334880;63
1510335000;75
1510335120;82
1510335240;64
1510335360;71
1510335480;67
1510335600;54
1510335720;74
1510335840;58
1510335960;75
1510336080;74
1510336200;67
1510336320;72
1510336440;65
1510336560;75
1510336680;95
1510336800;64
1510336920;68
1510337160;69
1510337280;64
1510337400;68
1510337520;69
1510337640;58
1510337760;68
1510337880;73
1510338000;51
1510338120;83
1510338240;78
1510338360;88
1510338480;84
1510338600;78
1510338720;89
1510338840;77
1510338960;113
1510339080;63
1510339200;74
1510352100;82
1510352220;84
1510352340;82
1510352460;78
1510352580;82
1510352700;85
1510352820;84
1510352940;79
1510353180;86
1510353300;85
1510353420;75
1510353540;78
1510353660;82
1510353780;92
1510353900;73
1510362720;76
1510362840;79
1510362960;55
1510363080;69
1510363200;79
1510363320;72
1510363440;75
1510363560;75
1510363680;73
1510363800;85
1510363920;72
1510364040;74
1510364160;76
1510364280;69
1510364400;75
1510364520;79
1510364640;82
1510371720;47
1510371840;57
1510371960;56
1510372080;58
1510372200;41
1510372320;52
1510372440;55
1510372680;57
1510372800;64
1510372920;53
1510373160;65
1510373280;75
1510373400;58
1510373520;69
1510373640;59
1510373760;88
1510373880;67
1510374120;72
1510374240;66
1510374360;75
1510374480;63
1510374720;64
1510374840;53
1510374960;67
1510375080;47
1510375200;57
1510375320;62
1510375560;51
1510375680;51
1510375920;51
1510376040;54
1510376160;47
1510376280;52
1510376400;45
1510376640;45
1510376760;52
1510376880;58
1510377000;56
1510377120;56
1510377240;62
1510377360;53
1510377480;56
1510377600;54
1510377840;83
1510377960;59
1510378200;55
1510378320;65
1510378560;62
1510378680;82
1510378800;56
1510378920;69
1510379040;59
1510379160;53
1510380600;62
1510380720;52
1510380840;54
1510380960;53
1510381080;52
1510381200;57
1510381320;58
1510381440;68
1510381560;61
1510381800;63
1510381920;59
1510382040;55
1510382160;56
1510382280;57
1510382400;58
1510382520;58
1510382640;63
1510382760;58
1510383000;61
1510383120;58
1510383240;56
1510383480;47
1510383720;53
1510383840;44
1510383960;61
1510384080;51
1510384200;56
1510384320;51
1510384440;65
1510384560;44
1510384680;63
1510384800;65
1510384920;67
1510385040;62
1510385160;69
1510385280;55
1510385400;49
1510385520;51
1510385640;51
1510385760;58
1510385880;51
1510386000;46
1510386240;66
1510386360;47
1510386480;59
1510386600;85
1510386720;72
1510386840;49
1510386960;64
1510387080;72
1510387200;63
1510387440;62
1510387560;57
1510387680;63
1510387800;42
1510387920;64
1510388040;88
1510388160;67
1510388400;62
1510388520;67
1510388640;75
1510388880;69
1510389000;58
1510389120;69
1510389240;74
1510389360;61
1510389480;68
1510389600;65
1510389720;73
1510389840;58
1510389960;71
1510390080;53
1510390200;46
1510390320;54
1510390440;75
1510390560;48
1510390680;53
1510390800;44
1510390920;57
1510391040;84
1510391160;53
1510391280;52
1510391400;49
1510391640;101
1510423740;71
1510423980;73
1510424100;82
1510424220;75
1510424340;77
1510424460;75
1510424580;71
1510424700;83
1510424940;78
1510425060;77
1510425180;76
1510425420;89
1510437840;69
1510438080;65
1510438200;76
1510438320;72
1510438440;66
1510438560;63
1510438680;77
1510438800;67
1510438920;77
1510439160;67
1510439280;67
1510439400;75
1510444080;64
1510444200;72
1510444320;66
1510444440;71
1510444560;68
1510444680;65
1510444800;55
1510444920;75
1510445040;63
1510445160;67
1510445280;71
1510445400;71
1510445520;75
1510445640;66
1510445880;75
1510446000;73
1510446360;77
1510446480;65
1510446600;79
1510446720;68
1510447920;68
1510448040;68
1510448160;69
1510448400;67
1510448520;63
1510448640;66
1510448760;62
1510449000;61
1510449120;67
1510449240;68
1510449360;59
1510449480;66
1510449600;62
1510449720;65
1510449840;88
1510449960;68
1510450080;71
1510450200;61
1510450320;56
1510450440;61
1510450560;66
1510450680;62
1510450800;65
1510450920;63
1510451040;61
1510451160;79
1510451280;71
1510451400;54
1510451520;53
1510451640;62
1510451760;53
1510451880;65
1510452000;87
1510452120;93
1510452240;59
1510452840;46
1510452960;51
1510453080;52
1510453200;52
1510453320;55
1510453440;46
1510453560;54
1510453680;56
1510453920;56
1510454040;59
1510454160;56
1510454400;58
1510454520;53
1510454640;68
1510454760;54
1510455000;55
1510455120;58
1510455240;67
1510455360;68
1510455600;68
1510455720;69
1510455840;57
1510455960;57
1510456080;65
1510456200;69
1510456560;57
1510456920;65
1510457160;72
1510457280;57
1510457400;72
1510457520;61
1510457640;49
1510457760;57
1510458000;54
1510458120;55
1510458240;49
1510458360;54
1510458480;62
1510458600;58
1510458720;57
1510458840;52
1510458960;52
1510459080;57
1510459200;56
1510459320;56
1510459440;66
1510459560;58
1510459920;54
1510460040;52
1510460160;58
1510460280;48
1510460520;58
1510460760;69
1510460880;71
1510461000;63
1510461240;49
1510461360;48
1510461480;57
1510461600;69
1510461720;78
1510461840;69
1510461960;56
1510462080;53
1510462200;53
1510462320;65
1510462440;51
1510462560;72
1510462920;44
1510463040;72
1510463280;77
1510463400;57
1510463640;55
1510463760;66
1510463880;61
1510464000;61
1510464120;69
1510464240;61
1510464360;55
1510464480;68
1510464600;58
1510464720;56
1510464840;59
1510464960;62
1510465080;54
1510465200;68
1510465320;56
1510465560;61
1510465680;63
1510465800;63
1510465920;59
1510466040;61
1510466160;66
1510466280;75
1510466400;58
1510466520;58
1510466640;53
1510466760;53
1510466880;51
1510467000;48
1510467120;58
1510467240;68
1510467360;53
1510467480;52
1510467600;68
1510467720;55
1510467840;44
1510467960;66
1510468080;65
1510468320;54
1510468560;54
1510468800;51
1510468920;62
1510469040;56
1510469160;66
1510469280;89
1510469400;65
1510469640;68
1510469760;93
1510469880;78
1510470120;58
1510470240;77
1510470360;44
1510470600;66
1510471320;57
1510471440;77
1510471560;57
1510471680;61
1510471800;55
1510471920;66
1510472040;68
1510472160;64
1510472280;65
1510472400;67
1510472520;68
1510472760;59
1510472880;62
1510473000;52
1510473120;56
1510473240;61
1510473720;57
1510473840;56
1510473960;57
1510474320;45
1510474440;52
1510474680;56
1510474800;44
1510474920;64
1510475040;68
1510475160;105
1510479660;63
1510479780;72
1510479900;67
1510480020;79
1510480140;63
1510480260;62
1510480380;75
1510480500;69
1510480740;76
1510480860;75
1510480980;82
1510481100;75
1510481220;73
1510481340;95
1510481460;65
1510481580;71
1510481700;66
1510481820;71
1510481940;88
1510539240;62
1510539360;65
1510539480;65
1510539600;58
1510539720;51
1510539840;58
1510539960;63
1510540080;57
1510540200;57
1510540320;66
1510540440;61
1510540560;62
1510540680;55
1510540800;53
1510540920;57
1510541040;56
1510541160;46
1510541280;56
1510541400;56
1510541520;55
1510541640;59
1510541760;56
1510541880;54
1510542000;57
1510542120;84
1510542360;71
1510542480;71
1510542600;68
1510542720;64
1510542840;51
1510542960;64
1510543200;59
1510543320;65
1510543440;66
1510543680;71
1510543800;62
1510543920;55
1510544040;57
1510544160;63
1510544280;61
1510544400;62
1510544520;62
1510544640;62
1510544760;53
1510544880;52
1510545120;55
1510545240;55
1510545360;54
1510545480;54
1510545600;54
1510545840;58
1510545960;56
1510546080;59
1510546200;57
1510546320;57
1510546440;65
1510546560;57
1510546680;55
1510546800;48
1510546920;51
1510547040;54
1510547160;51
1510547280;71
1510547400;63
1510547520;62
1510547640;83
1510547760;98
1510547880;68
1510548000;65
1510548240;62
1510548360;65
1510548480;63
1510548600;63
1510548720;66
1510548840;59
1510549080;54
1510549200;59
1510549320;63
1510549440;65
1510549560;54
1510549680;67
1510549800;62
1510549920;61
1510550040;56
1510550280;63
1510550400;61
1510550520;64
1510550760;65
1510550880;62
1510551000;66
1510551120;58
1510551240;58
1510551360;56
1510551480;64
1510551600;62
1510551720;61
1510551840;61
1510551960;75
1510552080;51
1510552200;43
1510552320;52
1510552440;48
1510552560;63
1510552680;58
1510552800;43
1510553400;49
1510553760;62
1510554000;45
1510554120;54
1510554240;64
1510554360;64
1510554600;66
1510554720;73
1510554960;55
1510555080;49
1510555200;48
1510555320;64
1510555440;49
1510555560;44
1510555680;57
1510555800;62
1510555920;61
1510556040;56
1510556160;54
1510556400;53
1510556520;47
1510556640;52
1510556760;61
1510557120;53
1510557240;52
1510557360;56
1510557600;46
1510557720;56
1510557840;51
1510558080;56
1510558200;64
1510558320;61
1510558440;44
1510558560;51
1510558680;64
1510558800;62
1510558920;81
1510559040;66
1510559160;88
1510559280;75
1510620600;74
1510620720;71
1510620840;76
1510620960;78
1510621080;73
1510621200;75
1510621320;74
1510621440;72
1510621560;74
1510621680;71
1510621800;74
1510621920;74
1510622040;74
1510622160;71
1510622280;68
1510622400;73
1510622520;74
1510622760;69
1510622880;72
1510623000;74
1510623120;67
1510623240;78
1510623360;41
1510623600;59
1510623720;89
1510623840;79
1510624080;72
1510624200;71
1510624440;71
1510624560;67
1510624680;72
1510625040;69
1510625160;68
1510625280;72
1510625400;69
1510625640;73
1510625760;68
1510625880;56
1510626000;65
1510626120;71
1510626240;62
1510626360;67
1510626480;77
1510626600;62
1510626720;57
1510626840;64
1510626960;66
1510627080;64
1510627200;77
1510627440;69
1510627560;71
1510627680;68
1510627800;78
1510627920;78
1510628040;72
1510628160;72
1510628280;72
1510628400;45
1510628520;61
1510628640;67
1510628760;61
1510628880;64
1510629000;59
1510629120;61
1510629240;63
1510629360;65
1510629480;65
1510629600;63
1510629720;68
1510629840;66
1510629960;61
1510630080;58
1510630200;47
1510630320;59
1510630440;65
1510630560;63
1510630680;62
1510630800;67
1510630920;54
1510631040;59
1510631160;75
1510631400;68
1510631520;68
1510631640;65
1510631760;66
1510631880;63
1510632000;58
1510632120;68
1510632240;56
1510632360;63
1510632480;68
1510632600;53
1510632720;71
1510632840;71
1510632960;85
1510633080;66
1510633200;52
1510633320;71
1510633440;73
1510633560;71
1510633680;72
1510633800;69
1510633920;72
1510634040;72
1510634160;62
1510634280;72
1510634520;64
1510634640;68
1510634760;67
1510634880;68
1510635000;74
1510635120;72
1510635240;61
1510635360;65
1510635480;67
1510635600;54
1510635720;75
1510635840;66
1510635960;69
1510636080;67
1510636200;55
1510636440;76
1510636560;66
1510636680;81
1510636800;59
1510636920;59
1510637040;59
1510637160;78
1510637280;72
1510637400;56
1510637520;73
1510637640;94
1510637760;65
1510637880;46
1510638000;63
1510638120;61
1510638240;47
1510638360;53
1510638480;71
1510638600;57
1510638720;54
1510638840;56
1510639080;51
1510639200;56
1510639320;72
1510639440;55
1510639560;48
1510639680;74
1510639800;52
1510639920;51
1510640040;73
1510640160;64
1510640280;66
1510640400;67
1510640520;65
1510640760;79
1510640880;101
1510641000;85
1510641120;85
1510641240;77
1510641360;75
1510641720;75
1510642320;75
1510642680;61
1510642800;67
1510642920;67
1510643040;65
1510643160;65
1510643280;57
1510643400;65
1510643640;48
1510643760;55
1510643880;58
1510644000;57
1510644120;48
1510644240;63
1510644360;78
1510644480;81
1510644600;77
1510690860;86
1510690980;86
1510691100;77
1510691580;49
1510701600;71
1510701720;68
1510701840;73
1510702080;71
1510702200;69
1510702320;58
1510702560;65
1510702680;66
1510702800;67
1510702920;65
1510703040;72
1510703160;68
1510703280;72
1510703400;77
1510703520;97
1510703640;72
1510703880;65
1510704120;68
1510704240;68
1510704360;65
1510704600;61
1510704720;68
1510704960;68
1510705200;68
1510705320;68
1510705440;67
1510705560;63
1510705680;73
1510705800;82
1510705920;66
1510706040;66
1510706160;74
1510706400;75
1510706520;76
1510706640;79
1510706760;69
1510706880;56
1510707000;65
1510707120;63
1510707360;63
1510707480;67
1510707600;65
1510707720;63
1510707840;65
1510707960;65
1510708080;61
1510708200;64
1510708320;68
1510708440;68
1510708560;66
1510708680;67
1510708800;61
1510708920;62
1510709040;63
1510709160;57
1510709280;65
1510709400;66
1510709520;69
1510709640;48
1510709760;76
1510709880;62
1510710000;71
1510710120;75
1510710240;64
1510710360;77
1510773060;75
1510773300;63
1510773420;46
1510773540;75
1510773660;69
1510781700;62
1510781820;59
1510781940;69
1510782060;65
1510782180;56
1510782300;66
1510782420;69
1510782540;71
1510782660;71
1510782780;67
1510782900;65
1510783020;76
1510783140;73
1510783260;73
1510783380;68
1510783500;68
1510783620;71
1510783740;72
1510783860;81
1510783980;67
1510784100;72
1510784220;71
1510784340;66
1510784460;63
1510784580;76
1510784700;65
1510784820;64
1510784940;67
1510785060;68
1510785180;66
1510785300;71
1510785420;62
1510785540;67
1510785660;65
1510785780;66
1510785900;68
1510786020;61
1510786140;62
1510786260;55
1510786500;54
1510786740;56
1510790700;57
1510790940;62
1510791060;49
1510791180;56
1510791300;57
1510791420;62
1510791540;54
1510791660;58
1510791780;54
1510791900;59
1510792020;61
1510792140;62
1510792260;54
1510792380;59
1510792500;61
1510792620;58
1510792740;52
1510792860;45
1510792980;69
1510793100;44
1510793220;67
1510793340;69
1510793460;65
1510793580;61
1510793700;58
1510793820;56
1510793940;83
1510794060;52
1510794180;56
1510794300;55
1510794420;78
1510794540;48
1510794660;67
1510794900;56
1510795020;49
1510795260;49
1510795380;46
1510795620;47
1510795740;46
1510795860;53
1510795980;49
1510796100;55
1510796220;57
1510796340;56
1510796460;66
1510796580;52
1510796700;42
1510796820;47
1510796940;51
1510797060;53
1510797180;49
1510797300;46
1510797540;56
1510797660;68
1510797780;71
1510797900;54
1510798020;64
1510798140;66
1510798260;61
1510798380;62
1510798500;49
1510798620;68
1510798740;73
1510798860;63
1510798980;64
1510799460;64
1510799580;89
1510799700;67
1510799820;51
1510799940;52
1510800300;47
1510800420;47
1510800540;44
1510800660;45
1510800780;47
1510800900;47
1510801020;47
1510801140;44
1510801260;53
1510801380;66
1510801500;45
1510801620;51
1510801860;47
1510801980;46
1510802100;49
1510802220;47
1510802340;56
1510802460;57
1510802580;52
1510802820;46
1510803060;45
1510803180;49
1510803300;44
1510803540;54
1510803660;48
1510803780;47
1510803900;55
1510804020;63
1510804140;45
1510804260;43
1510804380;61
1510804500;71
1510804740;54
1510804860;52
1510804980;71
1510805100;66
1510805340;62
1510805460;51
1510805580;57
1510805700;54
1510805820;57
1510805940;51
1510806060;58
1510806300;63
1510806420;47
1510806540;55
1510806660;54
1510806780;59
1510806900;58
1510807140;54
1510807260;62
1510807380;59
1510807500;61
1510807620;68
1510807740;57
1510807860;46
1510807980;58
1510808100;62
1510808220;56
1510808340;68
1510808460;73
1510808700;49
1510809060;54
1510809180;51
1510809300;44
1510809420;45
1510809540;56
1510809660;79
1510809780;46
1510809900;44
1510810020;63
1510810140;56
1510810260;45
1510810380;71
1510810500;72
1510810620;71
1510810740;65
1510810860;62
1510811100;43
1510811460;61
1510811580;49
1510811700;69
1510811820;47
1510811940;48
1510812060;54
1510812180;63
1510812300;61
1510812420;49
1510812540;88
1510812780;64
1510812900;75
1510813020;66
1510813140;59
1510813260;65
1510813380;64
1510813500;45
1510813740;82
1510813860;55
1510813980;62
1510814100;47
1510814220;78
1510814340;65
1510814460;63
1510814580;56
1510814820;57
1510814940;64
1510815060;49
1510815180;49
1510815300;72
1510815420;61
1510815540;71
1510815660;65
1510815780;53
1510815900;97
1510816020;62
1510816140;75
1510816260;98
1510816380;78
1510816500;78
1510816620;77
1510939520;114
1510960560;71
1510960680;78
1510960800;72
1510960920;74
1510961040;66
1510961160;74
1510961280;66
1510961400;77
1510961520;68
1510961640;61
1510961760;72
1510962000;75
1510962120;68
1510962240;77
1510962360;69
1510962480;68
1510962600;65
1510962720;57
1510962840;64
1510962960;67
1510963080;67
1510963320;69
1510963440;57
1510963560;71
1510963680;61
1510963800;66
1510964040;68
1510964160;62
1510964280;65
1510964400;57
1510964520;65
1510964640;67
1510964760;64
1510964880;74
1510965000;75
1510965240;77
1510965360;69
1510965480;88
1510965600;73
1510965720;62
1510965840;73
1510965960;65
1510966080;68
1510966200;64
1510966320;63
1510966440;66
1510966560;56
1510970640;72
1510970880;74
1510971000;71
1510971120;74
1510971240;82
1510971480;75
1510971600;74
1510971720;88
1510971840;76
1510972080;75
1510972200;85
1510972320;78
1510972440;77
1510972560;71
1510972680;57
1510973700;64
1510973820;75
1510974060;75
1510974180;73
1510974300;74
1510974420;73
1510974540;79
1510974660;72
1510974780;78
1510974900;71
1510975020;69
1510975140;71
1510975260;68
1510976940;58
1510977060;58
1510977180;62
1510977300;68
1510977420;65
1510977540;63
1510977660;64
1510977780;67
1510977900;64
1510978020;58
1510978140;65
1510978260;66
1510978380;65
1510978500;68
1510978620;65
1510978740;57
1510978860;69
1510978980;57
1510979100;61
1510979220;67
1510979460;55
1510979580;55
1510979700;51
1510979820;57
1510979940;53
1510980060;61
1510980180;57
1510980300;54
1510980420;47
1510980660;46
1510980780;61
1510980900;62
1510981020;59
1510981140;68
1510981380;51
1510981500;63
1510981620;65
1510981740;68
1510981980;58
1510982100;64
1510982220;56
1510982460;66
1510982580;63
1510982700;63
1510982820;68
1510982940;63
1510983060;61
1510983180;56
1510983300;63
1510983420;58
1510983540;62
1510983660;58
1510983780;56
1510983900;58
1510984020;66
1510984140;64
1510984260;57
1510984380;67
1510984500;56
1510984620;61
1510984860;59
1510984980;55
1510985100;53
1510985460;49
1510985580;63
1510985700;91
1510985820;86
1510985940;66
1510986060;81
1510986180;62
1510986300;51
1510986420;65
1510986540;52
1510986660;68
1510986780;68
1510986900;48
1510987020;65
1510987140;61
1510987260;68
1510987380;62
1510987500;75
1510987620;63
1510987740;53
1510987860;59
1510987980;67
1510988100;57
1510988220;57
1510988340;56
1510988460;61
1510988580;48
1510988700;62
1510988820;68
1510988940;58
1510989060;64
1510989180;56
1510989420;61
1510989540;62
1510989900;64
1510990020;57
1510990140;58
1510990260;54
1510990380;62
1510990500;49
1510990620;56
1510990740;55
1510990860;55
1510990980;55
1510991220;58
1510991460;53
1510991580;63
1510991700;56
1510991820;61
1510991940;61
1510992060;62
1510992300;57
1510992540;84
1510992660;79
1510992780;76
1510992900;73
1510993020;63
1510993260;53
1510993380;63
1510993500;48
1510993620;57
1510993740;56
1510993860;54
1510993980;56
1510994100;83
1510994220;62
1510994340;58
1510994460;48
1510994580;53
1510995480;54
1510995600;52
1510995720;59
1510995840;59
1510995960;64
1510996080;52
1510996200;58
1510996320;57
1510996440;65
1510996560;66
1510996680;73
1510996800;55
1510996920;59
1510997040;63
1510997400;66
1510997520;65
1510997640;65
1510997760;57
1510997880;62
1510998000;58
1510998120;59
1510998240;52
1511058660;75
1511058780;71
1511058900;74
1511059020;75
1511059140;71
1511063400;83
1511063520;77
1511063640;72
1511063760;68
1511063880;72
1511064000;68
1511064120;74
1511064240;73
1511064480;75
1511064600;71
1511064720;72
1511064840;72
1511064960;77
1511065080;75
1511065200;73
1511065320;75
1511065440;72
1511065560;75
1511065680;74
1511065800;85
1511065920;78
1511066040;78
1511066160;79
1511066280;73
1511066400;76
1511066640;77
1511066880;77
1511067000;78
1511067120;79
1511067240;75
1511067360;74
1511067480;71
1511067600;84
1511067720;89
1511067840;71
1511067960;77
1511068080;76
1511068200;72
1511068320;72
1511068440;68
1511068560;67
1511068680;67
1511069040;68
1511069160;71
1511069400;72
1511069520;72
1511069640;71
1511069760;64
1511069880;66
1511070000;71
1511070120;79
1511070240;82
1511070360;63
1511070480;66
1511070600;66
1511070840;72
1511070960;68
1511071080;75
1511071200;73
1511071320;75
1511071440;75
1511071560;65
1511071680;73
1511071800;66
1511071920;67
1511072040;73
1511072160;68
1511072280;68
1511072400;72
1511072520;71
1511072640;72
1511072760;71
1511072880;72
1511073000;69
1511073120;67
1511073240;67
1511073360;67
1511073480;56
1511073720;62
1511073840;71
1511074080;63
1511074200;47
1511074320;63
1511074440;95
1511074560;67
1511074680;65
1511074800;68
1511074920;68
1511075040;68
1511075280;69
1511075400;81
1511075520;75
1511075640;77
1511075760;78
1511075880;78
1511076120;73
1511076240;66
1511076480;68
1511076600;62
1511076720;58
1511076840;66
1511076960;61
1511077080;68
1511077200;68
1511077320;72
1511077440;63
1511077680;68
1511077800;64
1511077920;65
1511078040;65
1511078160;67
1511078280;65
1511078520;68
1511078640;58
1511078760;47
1511079000;57
1511079120;64
1511079240;63
1511079360;63
1511079480;61
1511079600;62
1511079720;65
1511079840;67
1511079960;67
1511080080;65
1511080200;65
1511080320;61
1511080440;67
1511080560;59
1511080680;61
1511080800;73
1511080920;92
1511081160;65
1511081280;65
1511081400;53
1511081520;55
1511081640;52
1511081880;59
1511082120;51
1511082240;55
1511082360;49
1511082480;63
1511082600;67
1511082720;58
1511082840;54
1511082960;51
1511083080;56
1511083200;49
1511083440;59
1511083560;58
1511083800;65
1511083920;65
1511084040;66
1511084160;57
1511084280;66
1511084400;67
1511084520;68
1511084640;85
1511084760;73
1511085840;107
1511085960;77
1511086200;85
1511103720;78
1511103960;84
1511104080;88
1511104200;84
1511104320;76
1511104440;74
1511104560;83
1511104680;79
1511104800;84
1511104920;77
1511108760;76
1511108880;71
1511109000;75
1511109240;64
1511109360;75
1511109480;74
1511109720;72
1511109960;63
1511110080;75
1511110200;62
1511110320;72
1511110440;75
1511110560;61
1511110680;67
1511110800;68
1511110920;58
1511111040;71
1511111160;83
1511111280;81
1511111400;73
1511111520;84
1511111640;68
1511112000;81
1511112240;89
1511112360;64
1511112480;73
1511112600;58
1511112720;85
1511112840;83
1511133180;47
1511133300;65
1511133420;53
1511133540;59
1511133780;71
1511133900;61
1511134020;57
1511134140;62
1511134260;63
1511134500;62
1511134620;63
1511134740;63
1511134860;64
1511134980;62
1511135220;61
1511135460;59
1511135580;62
1511135700;84
1511135820;65
1511135940;81
1511136060;65
1511136180;68
1511136300;78
1511136420;65
1511136540;67
1511136660;66
1511136780;65
1511136900;48
1511137020;61
1511137140;65
1511137260;64
1511137380;56
1511137500;63
1511137620;64
1511137740;61
1511137860;53
1511137980;65
1511138100;63
1511138220;64
1511138340;64
1511138460;62
1511138580;68
1511138700;62
1511138820;63
1511138940;56
1511139060;54
1511139180;48
1511139300;51
1511139420;47
1511139540;57
1511139660;61
1511139780;59
1511139900;59
1511140260;66
1511140620;53
1511140740;89
1511140860;74
1511140980;54
1511141100;54
1511141220;78
1511141460;69
1511141580;72
1511141700;75
1511141820;66
1511141940;93
1511142060;65
1511142180;62
1511142300;68
1511142420;52
1511142540;78
1511142660;68
1511142780;75
1511142900;56
1511143020;59
1511143140;57
1511143260;61
1511143380;69
1511143500;49
1511143620;54
1511143740;63
1511143860;56
1511143980;56
1511144100;47
1511144220;62
1511144340;56
1511144460;53
1511144580;62
1511144700;58
1511144820;54
1511144940;54
1511145060;57
1511145180;55
1511145300;79
1511145420;58
1511145540;53
1511145660;55
1511145780;57
1511145900;55
1511146020;55
1511146140;56
1511146260;54
1511146380;68
1511146500;59
1511146620;57
1511146740;68
1511146860;56
1511146980;64
1511147220;69
1511147340;56
1511147460;66
1511147580;55
1511147700;68
1511147820;71
1511147940;72
1511148060;56
1511148300;51
1511148420;68
1511148540;52
1511148660;68
1511148780;71
1511148900;54
1511149020;53
1511149140;68
1511149260;68
1511149380;68
1511149500;52
1511149620;62
1511149860;52
1511149980;54
1511150100;52
1511150220;53
1511150340;51
1511150460;54
1511150580;55
1511150700;42
1511150820;52
1511150940;52
1511151060;54
1511151180;55
1511151300;52
1511151420;52
1511151540;56
1511151660;57
1511151780;51
1511151900;52
1511152020;53
1511152140;68
1511152260;44
1511152380;49
1511152500;58
1511152620;54
1511152740;62
1511152860;56
1511152980;67
1511153100;54
1511153340;58
1511153460;57
1511153580;61
1511153700;69
1511153820;61
1511153940;75
1511154060;53
1511154180;56
1511154300;62
1511154420;46
1511154540;55
1511154660;48
1511154780;66
1511154900;48
1511155020;63
1511155140;56
1511155260;78
1511155380;52
1511155500;56
1511155620;55
1511155740;55
1511155860;59
1511155980;55
1511156100;55
1511156220;59
1511156340;58
1511156460;59
1511156580;53
1511156700;55
1511156820;57
1511156940;64
1511157060;58
1511157180;59
1511157300;63
1511157420;57
1511157540;68
1511157660;56
1511157780;57
1511157900;62
1511158020;68
1511158140;68
1511158260;62
1511158380;68
1511158500;45
1511158620;74
1511158740;71
1511158860;68
1511158980;61
1511159100;63
1511159220;52
1511159340;68
1511159460;55
1511159580;72
1511159700;64
1511159820;71
1511159940;65
1511160060;57
1511160300;81
1511160540;57
1511160660;61
1511160900;69
1511161020;54
1511161140;63
1511161260;64
1511161380;56
1511161500;65
1511161620;72
1511161740;66
1511161860;66
1511161980;61
1511162100;102
1511162220;63
1511162340;64
1511162460;57
1511162580;65
1511162700;61
1511162820;58
1511162940;59
1511163060;61
1511163180;68
1511163300;65
1511163420;64
1511163540;65
1511163660;51
1511163780;59
1511198616;88
1511198919;69
